method,path,authentication,permission,property_and_restaurant_scope,csrf,rate_limit,input_model_and_parameters,output_model,handler_calls_side_effect_hints,audit_event,handler,source
GET,/,Guest property resolved from Host/gateway/config; approved guest source network required; no session token.,N/A (public or guest session/network policy; no admin RBAC permission).,Guest property resolved from Host/gateway/config; source network policy enforced; no restaurant resource scope.,No (safe method),No endpoint-specific counter identified; network/session/property guards may still apply.,No request body or path/query parameters documented.,HTML FileResponse (or access-restricted HTML response when guest network is denied),No direct app-store call identified; inspect handler/helper.,No admin audit event identified at route boundary; domain/helper events may apply.,index,app/main.py route + middleware + app/admin_route_policies.json
GET,/admin,Admin session cookie required; unauthenticated requests redirect to /admin/login.,N/A (page access control is described in authentication; no route RBAC permission).,Admin UI shell; property access is enforced on API requests.,No (safe method),No endpoint-specific counter identified; network/session/property guards may still apply.,No request body or path/query parameters documented.,FileResponse (handler-selected file/media type),No direct app-store call identified; inspect handler/helper.,No admin audit event identified at route boundary; domain/helper events may apply.,admin,app/main.py route + middleware + app/admin_route_policies.json
GET,/admin/login,Public static admin login page; no session required.,N/A (page access control is described in authentication; no route RBAC permission).,Global static login page; no property or restaurant resource scope.,No (safe method),No endpoint-specific counter identified; network/session/property guards may still apply.,No request body or path/query parameters documented.,FileResponse (handler-selected file/media type),No direct app-store call identified; inspect handler/helper.,No admin audit event identified at route boundary; domain/helper events may apply.,admin_login_page,app/main.py route + middleware + app/admin_route_policies.json
GET,/api/admin/audit,Admin session cookie required.,audit.view,"Global or actor-property scope enforced by the handler/auth store. Not restaurant-scoped, or restaurant list filtered by actor assignment.",No (safe method).,300 per authenticated admin session/min,username(query):string default=; property_id(query):string default=; role(query):string default=; action(query):string default=; resource(query):string default=; start_at(query):integer | null; end_at(query):integer | null; limit(query):integer default=100,dict (handler-defined shape),No direct app-store call identified; inspect handler/helper.,No admin audit event identified at route boundary; domain/helper events may apply.,list_admin_audit,app/main.py route + middleware + app/admin_route_policies.json
POST,/api/admin/auth/change-password,Admin session cookie required.,None (session/auth endpoint; no additional RBAC permission).,"Account/session scope; user/property assignment enforced by auth store where applicable. Not restaurant-scoped, or restaurant list filtered by actor assignment.",Yes; X-CSRF-Token must match the admin session token.,300 per authenticated admin session/min,Body application/json: AdminPasswordChangePayload: current_password:string [1..256] required; new_password:string [12..256] required (required body),dict (handler-defined shape),No direct app-store call identified; inspect handler/helper.,middleware: api.post on successful response (<400),change_admin_password,app/main.py route + middleware + app/admin_route_policies.json
POST,/api/admin/auth/login,Public admin authentication/recovery endpoint; no admin session required.,None (session/auth endpoint; no additional RBAC permission).,"Account/session scope; user/property assignment enforced by auth store where applicable. Not restaurant-scoped, or restaurant list filtered by actor assignment.",No (public admin authentication/recovery endpoint).,20 failed attempts per peer IP / 5 min,Body application/json: AdminLoginPayload: username:string [3..64] required; password:string [1..256] required; remember_me:boolean default=False (required body),dict (handler-defined shape),admin_auth.login,No admin audit event identified at route boundary; domain/helper events may apply.,admin_login,app/main.py route + middleware + app/admin_route_policies.json
POST,/api/admin/auth/logout,Admin session cookie required.,None (session/auth endpoint; no additional RBAC permission).,"Account/session scope; user/property assignment enforced by auth store where applicable. Not restaurant-scoped, or restaurant list filtered by actor assignment.",Yes; X-CSRF-Token must match the admin session token.,300 per authenticated admin session/min,No request body or path/query parameters documented.,dict (handler-defined shape),admin_auth.logout,middleware: api.post on successful response (<400),admin_logout,app/main.py route + middleware + app/admin_route_policies.json
GET,/api/admin/auth/me,Admin session cookie required.,None (session/auth endpoint; no additional RBAC permission).,"Account/session scope; user/property assignment enforced by auth store where applicable. Not restaurant-scoped, or restaurant list filtered by actor assignment.",No (safe method).,300 per authenticated admin session/min,No request body or path/query parameters documented.,dict (handler-defined shape),No direct app-store call identified; inspect handler/helper.,No admin audit event identified at route boundary; domain/helper events may apply.,current_admin,app/main.py route + middleware + app/admin_route_policies.json
POST,/api/admin/auth/password-reset/confirm,Public admin authentication/recovery endpoint; no admin session required.,None (session/auth endpoint; no additional RBAC permission).,"Account/session scope; user/property assignment enforced by auth store where applicable. Not restaurant-scoped, or restaurant list filtered by actor assignment.",No (public admin authentication/recovery endpoint).,30 per peer IP/hour + 10 per hashed token/hour,Body application/json: AdminPasswordResetConfirmPayload: token:string [20..500] required; new_password:string [12..256] required (required body),dict (handler-defined shape),admin_auth.consume_password_reset,No admin audit event identified at route boundary; domain/helper events may apply.,confirm_admin_password_reset,app/main.py route + middleware + app/admin_route_policies.json
POST,/api/admin/auth/password-reset/request,Public admin authentication/recovery endpoint; no admin session required.,None (session/auth endpoint; no additional RBAC permission).,"Account/session scope; user/property assignment enforced by auth store where applicable. Not restaurant-scoped, or restaurant list filtered by actor assignment.",No (public admin authentication/recovery endpoint).,12 per peer IP/hour + 3 per hashed account/hour,Body application/json: AdminPasswordResetRequestPayload: username:string [3..64] required (required body),dict (handler-defined shape),admin_auth.create_password_reset,explicit: auth.password_reset_requested; ,request_admin_password_reset,app/main.py route + middleware + app/admin_route_policies.json
GET,/api/admin/permissions,Admin session cookie required.,roles.view,"Global or actor-property scope enforced by the handler/auth store. Not restaurant-scoped, or restaurant list filtered by actor assignment.",No (safe method).,300 per authenticated admin session/min,No request body or path/query parameters documented.,dict (handler-defined shape),No direct app-store call identified; inspect handler/helper.,No admin audit event identified at route boundary; domain/helper events may apply.,list_admin_permissions,app/main.py route + middleware + app/admin_route_policies.json
GET,/api/admin/properties,Admin session cookie required.,properties.view,"Global or actor-property scope enforced by the handler/auth store. Not restaurant-scoped, or restaurant list filtered by actor assignment.",No (safe method).,300 per authenticated admin session/min,No request body or path/query parameters documented.,dict (handler-defined shape),properties.list,No admin audit event identified at route boundary; domain/helper events may apply.,list_properties,app/main.py route + middleware + app/admin_route_policies.json
DELETE,/api/admin/properties/{property_id},Admin session cookie required.,properties.edit,"Property `{property_id}`; middleware verifies actor access; handler checks addressed resource IDs. Not restaurant-scoped, or restaurant list filtered by actor assignment.",Yes; X-CSRF-Token must match the admin session token.,300 per authenticated admin session/min,property_id(path):string required,dict (handler-defined shape),properties.delete,middleware: api.delete on successful response (<400),delete_property,app/main.py route + middleware + app/admin_route_policies.json
GET,/api/admin/properties/{property_id},Admin session cookie required.,properties.view,"Property `{property_id}`; middleware verifies actor access; handler checks addressed resource IDs. Not restaurant-scoped, or restaurant list filtered by actor assignment.",No (safe method).,300 per authenticated admin session/min,property_id(path):string required,dict (handler-defined shape),properties.get,No admin audit event identified at route boundary; domain/helper events may apply.,get_property,app/main.py route + middleware + app/admin_route_policies.json
PUT,/api/admin/properties/{property_id},Admin session cookie required.,properties.edit,"Property `{property_id}`; middleware verifies actor access; handler checks addressed resource IDs. Not restaurant-scoped, or restaurant list filtered by actor assignment.",Yes; X-CSRF-Token must match the admin session token.,300 per authenticated admin session/min,"Body application/json: PropertyPayload: property_id:string [1..80, pattern=^[a-zA-Z0-9][a-zA-Z0-9_-]*$] required; hotel_name:string [1..200] required; description:string default=; domain:string default=; deployment_mode:string [pattern=^(on-prem|cloud|hybrid|edge)$] default=on-prem; timezone:string default=UTC; latitude:number | null; longitude:number | null; address:string default=; contact_details:object[any]; logo_url:string default=; brand_assets:object[any]; concierge_name:string default=Concierge; concierge_avatar_url:string default=; primary_color:string default=#171717; secondary_color:string default=#f4f3ef; background:string default=; languages:array[string]; facilities:array[object[any]]; dining:array[object[any]]; spa:object[any]; pool:object[any]; gym:object[any]; policies:array[object[any]]; support_contacts:array[object[any]]; quick_actions:array[object[any]]; ai_settings:object[any]; antlabs_config:object[any]; knowledge_sources:array[object[any]]; rooms:array[object[any]]; guest_modules:array[object[any]]; personality:object[any]; guardrails:object[any]; app_settings:object[any]; welcome:string default=How can I help? (required body); property_id(path):string required",dict (handler-defined shape),properties.get,middleware: api.put on successful response (<400),upsert_property,app/main.py route + middleware + app/admin_route_policies.json
POST,/api/admin/properties/{property_id}/access-points,Admin session cookie required.,properties.edit,"Property `{property_id}`; middleware verifies actor access; handler checks addressed resource IDs. Not restaurant-scoped, or restaurant list filtered by actor assignment.",Yes; X-CSRF-Token must match the admin session token.,300 per authenticated admin session/min,Body application/json: GenericPayload: data:object[any] (required body); property_id(path):string required,dict (handler-defined shape),No direct app-store call identified; inspect handler/helper.,middleware: api.post on successful response (<400),create_access_point,app/main.py route + middleware + app/admin_route_policies.json
GET,/api/admin/properties/{property_id}/ai,Admin session cookie required.,ai.view,"Property `{property_id}`; middleware verifies actor access; handler checks addressed resource IDs. Not restaurant-scoped, or restaurant list filtered by actor assignment.",No (safe method).,300 per authenticated admin session/min,property_id(path):string required,dict (handler-defined shape),properties.get,No admin audit event identified at route boundary; domain/helper events may apply.,get_property_ai,app/main.py route + middleware + app/admin_route_policies.json
PUT,/api/admin/properties/{property_id}/ai/providers/{provider_id},Admin session cookie required.,ai.configure,"Property `{property_id}`; middleware verifies actor access; handler checks addressed resource IDs. Not restaurant-scoped, or restaurant list filtered by actor assignment.",Yes; X-CSRF-Token must match the admin session token.,300 per authenticated admin session/min,Body application/json: AIProviderPayload: enabled:boolean default=False; auth_method:string | null; selected_model:string | null; endpoint_url:string default=; temperature:number [0.0..2.0] default=0.2; max_output_tokens:integer [1.0..32000.0] default=160; timeout_seconds:integer [1.0..300.0] default=45; config:object[any] (required body); property_id(path):string required; provider_id(path):string required,dict (handler-defined shape),properties.get,middleware: api.put on successful response (<400),save_property_ai_provider,app/main.py route + middleware + app/admin_route_policies.json
POST,/api/admin/properties/{property_id}/ai/providers/{provider_id}/credentials,Admin session cookie required.,ai.configure,"Property `{property_id}`; middleware verifies actor access; handler checks addressed resource IDs. Not restaurant-scoped, or restaurant list filtered by actor assignment.",Yes; X-CSRF-Token must match the admin session token.,300 per authenticated admin session/min,Body application/json: CredentialPayload: credential_type:string [1..80] default=api_key; value:string [1..8000] required (required body); property_id(path):string required; provider_id(path):string required,dict (handler-defined shape),properties.get,middleware: api.post on successful response (<400),save_property_ai_credential,app/main.py route + middleware + app/admin_route_policies.json
DELETE,/api/admin/properties/{property_id}/ai/providers/{provider_id}/credentials/{credential_type},Admin session cookie required.,ai.configure,"Property `{property_id}`; middleware verifies actor access; handler checks addressed resource IDs. Not restaurant-scoped, or restaurant list filtered by actor assignment.",Yes; X-CSRF-Token must match the admin session token.,300 per authenticated admin session/min,property_id(path):string required; provider_id(path):string required; credential_type(path):string required,dict (handler-defined shape),properties.get,middleware: api.delete on successful response (<400),delete_property_ai_credential,app/main.py route + middleware + app/admin_route_policies.json
POST,/api/admin/properties/{property_id}/ai/providers/{provider_id}/models/refresh,Admin session cookie required.,ai.configure,"Property `{property_id}`; middleware verifies actor access; handler checks addressed resource IDs. Not restaurant-scoped, or restaurant list filtered by actor assignment.",Yes; X-CSRF-Token must match the admin session token.,300 per authenticated admin session/min,property_id(path):string required; provider_id(path):string required,dict (handler-defined shape),properties.get,middleware: api.post on successful response (<400),refresh_property_ai_models,app/main.py route + middleware + app/admin_route_policies.json
POST,/api/admin/properties/{property_id}/ai/providers/{provider_id}/test,Admin session cookie required.,ai.configure,"Property `{property_id}`; middleware verifies actor access; handler checks addressed resource IDs. Not restaurant-scoped, or restaurant list filtered by actor assignment.",Yes; X-CSRF-Token must match the admin session token.,300 per authenticated admin session/min,property_id(path):string required; provider_id(path):string required,dict (handler-defined shape),properties.get,middleware: api.post on successful response (<400),test_property_ai_provider,app/main.py route + middleware + app/admin_route_policies.json
PUT,/api/admin/properties/{property_id}/ai/settings,Admin session cookie required.,ai.configure,"Property `{property_id}`; middleware verifies actor access; handler checks addressed resource IDs. Not restaurant-scoped, or restaurant list filtered by actor assignment.",Yes; X-CSRF-Token must match the admin session token.,300 per authenticated admin session/min,Body application/json: AISettingsPayload: default_provider:string | null; organization_default_provider:string | null; routing_mode:string | null; local_only:boolean | null; fallback_chain:array[string] | null; limits:object[any] | null (required body); property_id(path):string required,dict (handler-defined shape),properties.get,middleware: api.put on successful response (<400),save_property_ai_settings,app/main.py route + middleware + app/admin_route_policies.json
GET,/api/admin/properties/{property_id}/ai/usage,Admin session cookie required.,ai.view,"Property `{property_id}`; middleware verifies actor access; handler checks addressed resource IDs. Not restaurant-scoped, or restaurant list filtered by actor assignment.",No (safe method).,300 per authenticated admin session/min,property_id(path):string required; days(query):integer default=7,dict (handler-defined shape),No direct app-store call identified; inspect handler/helper.,No admin audit event identified at route boundary; domain/helper events may apply.,property_ai_usage,app/main.py route + middleware + app/admin_route_policies.json
GET,/api/admin/properties/{property_id}/antlabs/status,Admin session cookie required.,integrations.view,"Property `{property_id}`; middleware verifies actor access; handler checks addressed resource IDs. Not restaurant-scoped, or restaurant list filtered by actor assignment.",No (safe method).,300 per authenticated admin session/min,property_id(path):string required,dict (handler-defined shape),No direct app-store call identified; inspect handler/helper.,No admin audit event identified at route boundary; domain/helper events may apply.,antlabs_status,app/main.py route + middleware + app/admin_route_policies.json
POST,/api/admin/properties/{property_id}/antlabs/test,Admin session cookie required.,integrations.view,"Property `{property_id}`; middleware verifies actor access; handler checks addressed resource IDs. Not restaurant-scoped, or restaurant list filtered by actor assignment.",Yes; X-CSRF-Token must match the admin session token.,300 per authenticated admin session/min,property_id(path):string required,dict (handler-defined shape),No direct app-store call identified; inspect handler/helper.,middleware: api.post on successful response (<400),test_antlabs_connection,app/main.py route + middleware + app/admin_route_policies.json
DELETE,/api/admin/properties/{property_id}/assistant/conversation,Admin session cookie required.,assistant.use,"Property `{property_id}`; middleware verifies actor access; handler checks addressed resource IDs. Not restaurant-scoped, or restaurant list filtered by actor assignment.",Yes; X-CSRF-Token must match the admin session token.,300 per authenticated admin session/min,Body application/json: AssistantConversationPayload: conversation_id:string [16..80] required (required body); property_id(path):string required,dict (handler-defined shape),No direct app-store call identified; inspect handler/helper.,middleware: api.delete on successful response (<400),clear_operations_assistant,app/main.py route + middleware + app/admin_route_policies.json
POST,/api/admin/properties/{property_id}/assistant/hotel-chat,Admin session cookie required.,assistant.use,"Property `{property_id}`; middleware verifies actor access; handler checks addressed resource IDs. Not restaurant-scoped, or restaurant list filtered by actor assignment.",Yes; X-CSRF-Token must match the admin session token.,300 per authenticated admin session/min,Body application/json: HotelAssistantPayload: question:string [2..1200] required (required body); property_id(path):string required,dict (handler-defined shape),No direct app-store call identified; inspect handler/helper.,explicit: assistant.hotel_chat; middleware: api.post on successful response (<400),admin_hotel_assistant,app/main.py route + middleware + app/admin_route_policies.json
POST,/api/admin/properties/{property_id}/assistant/query,Admin session cookie required.,assistant.use,"Property `{property_id}`; middleware verifies actor access; handler checks addressed resource IDs. Not restaurant-scoped, or restaurant list filtered by actor assignment.",Yes; X-CSRF-Token must match the admin session token.,300 per authenticated admin session/min,Body application/json: AssistantQueryPayload: question:string [2..1200] required; period:string [pattern=^(1h|6h|24h|7d|30d|today|yesterday)$] default=24h; current_page:string [−∞..80] default=overview; conversation_id:string | null [−∞..80] (required body); property_id(path):string required,dict (handler-defined shape),No direct app-store call identified; inspect handler/helper.,"explicit: assistant.copilot_provider_failure, assistant.diagnostic; middleware: api.post on successful response (<400)",operations_assistant,app/main.py route + middleware + app/admin_route_policies.json
POST,/api/admin/properties/{property_id}/buildings,Admin session cookie required.,properties.edit,"Property `{property_id}`; middleware verifies actor access; handler checks addressed resource IDs. Not restaurant-scoped, or restaurant list filtered by actor assignment.",Yes; X-CSRF-Token must match the admin session token.,300 per authenticated admin session/min,Body application/json: GenericPayload: data:object[any] (required body); property_id(path):string required,dict (handler-defined shape),No direct app-store call identified; inspect handler/helper.,middleware: api.post on successful response (<400),create_building,app/main.py route + middleware + app/admin_route_policies.json
GET,/api/admin/properties/{property_id}/conversations,Admin session cookie required.,conversations.view,"Property `{property_id}`; middleware verifies actor access; handler checks addressed resource IDs. Not restaurant-scoped, or restaurant list filtered by actor assignment.",No (safe method).,300 per authenticated admin session/min,property_id(path):string required,dict (handler-defined shape),No direct app-store call identified; inspect handler/helper.,No admin audit event identified at route boundary; domain/helper events may apply.,property_conversations,app/main.py route + middleware + app/admin_route_policies.json
PUT,/api/admin/properties/{property_id}/conversations/retention,Admin session cookie required.,conversations.reply,"Property `{property_id}`; middleware verifies actor access; handler checks addressed resource IDs. Not restaurant-scoped, or restaurant list filtered by actor assignment.",Yes; X-CSRF-Token must match the admin session token.,300 per authenticated admin session/min,Body application/json: ConversationRetentionPayload: retention_days:integer [1.0..365.0] required (required body); property_id(path):string required,dict (handler-defined shape),store.set_retention,middleware: api.put on successful response (<400),update_conversation_retention,app/main.py route + middleware + app/admin_route_policies.json
PUT,/api/admin/properties/{property_id}/conversations/{session_id},Admin session cookie required.,conversations.reply,"Property `{property_id}`; middleware verifies actor access; handler checks addressed resource IDs. Not restaurant-scoped, or restaurant list filtered by actor assignment.",Yes; X-CSRF-Token must match the admin session token.,300 per authenticated admin session/min,Body application/json: ConversationStatePayload: status:string [pattern=^(open|closed|escalated)$] required; human_takeover:boolean default=False (required body); property_id(path):string required; session_id(path):string required,dict (handler-defined shape),"store.accept_conversation, store.resolve_conversation, store.return_conversation_to_ai, store.set_conversation_state",middleware: api.put on successful response (<400),update_conversation_state,app/main.py route + middleware + app/admin_route_policies.json
POST,/api/admin/properties/{property_id}/conversations/{session_id}/accept,Admin session cookie required.,conversations.takeover,"Property `{property_id}`; middleware verifies actor access; handler checks addressed resource IDs. Not restaurant-scoped, or restaurant list filtered by actor assignment.",Yes; X-CSRF-Token must match the admin session token.,300 per authenticated admin session/min,property_id(path):string required; session_id(path):string required,dict (handler-defined shape),store.accept_conversation,middleware: api.post on successful response (<400),accept_restaurant_conversation,app/main.py route + middleware + app/admin_route_policies.json
POST,/api/admin/properties/{property_id}/conversations/{session_id}/assign,Admin session cookie required.,conversations.assign,"Property `{property_id}`; middleware verifies actor access; handler checks addressed resource IDs. Not restaurant-scoped, or restaurant list filtered by actor assignment.",Yes; X-CSRF-Token must match the admin session token.,300 per authenticated admin session/min,Body application/json: ConversationAssignPayload: user_id:string [1..80] required (required body); property_id(path):string required; session_id(path):string required,dict (handler-defined shape),store.assign_conversation,middleware: api.post on successful response (<400),assign_restaurant_conversation,app/main.py route + middleware + app/admin_route_policies.json
POST,/api/admin/properties/{property_id}/conversations/{session_id}/messages,Admin session cookie required.,conversations.reply,"Property `{property_id}`; middleware verifies actor access; handler checks addressed resource IDs. Not restaurant-scoped, or restaurant list filtered by actor assignment.",Yes; X-CSRF-Token must match the admin session token.,300 per authenticated admin session/min,Body application/json: StaffReplyPayload: message:string [1..2000] required (required body); property_id(path):string required; session_id(path):string required,dict (handler-defined shape),"store.get, store.reply_to_conversation",middleware: api.post on successful response (<400),staff_conversation_reply,app/main.py route + middleware + app/admin_route_policies.json
POST,/api/admin/properties/{property_id}/conversations/{session_id}/resolve,Admin session cookie required.,conversations.resolve,"Property `{property_id}`; middleware verifies actor access; handler checks addressed resource IDs. Not restaurant-scoped, or restaurant list filtered by actor assignment.",Yes; X-CSRF-Token must match the admin session token.,300 per authenticated admin session/min,property_id(path):string required; session_id(path):string required,dict (handler-defined shape),store.resolve_conversation,middleware: api.post on successful response (<400),resolve_restaurant_conversation,app/main.py route + middleware + app/admin_route_policies.json
POST,/api/admin/properties/{property_id}/conversations/{session_id}/return-to-ai,Admin session cookie required.,conversations.return_to_ai,"Property `{property_id}`; middleware verifies actor access; handler checks addressed resource IDs. Not restaurant-scoped, or restaurant list filtered by actor assignment.",Yes; X-CSRF-Token must match the admin session token.,300 per authenticated admin session/min,property_id(path):string required; session_id(path):string required,dict (handler-defined shape),store.return_conversation_to_ai,middleware: api.post on successful response (<400),return_restaurant_conversation_to_ai,app/main.py route + middleware + app/admin_route_policies.json
GET,/api/admin/properties/{property_id}/dashboard,Admin session cookie required.,dashboard.view,"Property `{property_id}`; middleware verifies actor access; handler checks addressed resource IDs. Not restaurant-scoped, or restaurant list filtered by actor assignment.",No (safe method).,300 per authenticated admin session/min,property_id(path):string required,dict (handler-defined shape),No direct app-store call identified; inspect handler/helper.,No admin audit event identified at route boundary; domain/helper events may apply.,property_dashboard,app/main.py route + middleware + app/admin_route_policies.json
PUT,/api/admin/properties/{property_id}/departments,Admin session cookie required.,properties.edit,"Property `{property_id}`; middleware verifies actor access; handler checks addressed resource IDs. Not restaurant-scoped, or restaurant list filtered by actor assignment.",Yes; X-CSRF-Token must match the admin session token.,300 per authenticated admin session/min,Body application/json: GenericPayload: data:object[any] (required body); property_id(path):string required,dict (handler-defined shape),No direct app-store call identified; inspect handler/helper.,middleware: api.put on successful response (<400),save_department,app/main.py route + middleware + app/admin_route_policies.json
DELETE,/api/admin/properties/{property_id}/departments/{department_id},Admin session cookie required.,properties.edit,"Property `{property_id}`; middleware verifies actor access; handler checks addressed resource IDs. Not restaurant-scoped, or restaurant list filtered by actor assignment.",Yes; X-CSRF-Token must match the admin session token.,300 per authenticated admin session/min,property_id(path):string required; department_id(path):string required,dict (handler-defined shape),hospitality.delete_department,middleware: api.delete on successful response (<400),delete_department,app/main.py route + middleware + app/admin_route_policies.json
GET,/api/admin/properties/{property_id}/deployment/status,Admin session cookie required.,domains.view,"Property `{property_id}`; middleware verifies actor access; handler checks addressed resource IDs. Not restaurant-scoped, or restaurant list filtered by actor assignment.",No (safe method).,300 per authenticated admin session/min,property_id(path):string required,dict (handler-defined shape),No direct app-store call identified; inspect handler/helper.,No admin audit event identified at route boundary; domain/helper events may apply.,property_deployment_status,app/main.py route + middleware + app/admin_route_policies.json
POST,/api/admin/properties/{property_id}/deployment/verify,Admin session cookie required.,domains.configure,"Property `{property_id}`; middleware verifies actor access; handler checks addressed resource IDs. Not restaurant-scoped, or restaurant list filtered by actor assignment.",Yes; X-CSRF-Token must match the admin session token.,300 per authenticated admin session/min,property_id(path):string required,dict (handler-defined shape),No direct app-store call identified; inspect handler/helper.,middleware: api.post on successful response (<400),verify_property_deployment,app/main.py route + middleware + app/admin_route_policies.json
GET,/api/admin/properties/{property_id}/design,Admin session cookie required.,concierge.view,"Property `{property_id}`; middleware verifies actor access; handler checks addressed resource IDs. Not restaurant-scoped, or restaurant list filtered by actor assignment.",No (safe method).,300 per authenticated admin session/min,property_id(path):string required,dict (handler-defined shape),properties.get,No admin audit event identified at route boundary; domain/helper events may apply.,get_property_design,app/main.py route + middleware + app/admin_route_policies.json
POST,/api/admin/properties/{property_id}/design/discard,Admin session cookie required.,concierge.edit,"Property `{property_id}`; middleware verifies actor access; handler checks addressed resource IDs. Not restaurant-scoped, or restaurant list filtered by actor assignment.",Yes; X-CSRF-Token must match the admin session token.,300 per authenticated admin session/min,property_id(path):string required,dict (handler-defined shape),properties.get,middleware: api.post on successful response (<400),discard_property_design,app/main.py route + middleware + app/admin_route_policies.json
PUT,/api/admin/properties/{property_id}/design/draft,Admin session cookie required.,concierge.edit,"Property `{property_id}`; middleware verifies actor access; handler checks addressed resource IDs. Not restaurant-scoped, or restaurant list filtered by actor assignment.",Yes; X-CSRF-Token must match the admin session token.,300 per authenticated admin session/min,Body application/json: DesignConfigPayload: config:object[any] required (required body); property_id(path):string required,dict (handler-defined shape),properties.save_design_draft,middleware: api.put on successful response (<400),save_property_design_draft,app/main.py route + middleware + app/admin_route_policies.json
POST,/api/admin/properties/{property_id}/design/publish,Admin session cookie required.,concierge.edit,"Property `{property_id}`; middleware verifies actor access; handler checks addressed resource IDs. Not restaurant-scoped, or restaurant list filtered by actor assignment.",Yes; X-CSRF-Token must match the admin session token.,300 per authenticated admin session/min,property_id(path):string required,dict (handler-defined shape),properties.publish_design,middleware: api.post on successful response (<400),publish_property_design,app/main.py route + middleware + app/admin_route_policies.json
POST,/api/admin/properties/{property_id}/design/restore,Admin session cookie required.,concierge.edit,"Property `{property_id}`; middleware verifies actor access; handler checks addressed resource IDs. Not restaurant-scoped, or restaurant list filtered by actor assignment.",Yes; X-CSRF-Token must match the admin session token.,300 per authenticated admin session/min,Body application/json: RestoreDesignPayload: version:integer required (required body); property_id(path):string required,dict (handler-defined shape),properties.restore_design_version,middleware: api.post on successful response (<400),restore_property_design,app/main.py route + middleware + app/admin_route_policies.json
POST,/api/admin/properties/{property_id}/events,Admin session cookie required.,properties.edit,"Property `{property_id}`; middleware verifies actor access; handler checks addressed resource IDs. Not restaurant-scoped, or restaurant list filtered by actor assignment.",Yes; X-CSRF-Token must match the admin session token.,300 per authenticated admin session/min,Body application/json: GenericPayload: data:object[any] (required body); property_id(path):string required,dict (handler-defined shape),hospitality.create_event,middleware: api.post on successful response (<400),create_hotel_event,app/main.py route + middleware + app/admin_route_policies.json
POST,/api/admin/properties/{property_id}/facilities,Admin session cookie required.,properties.edit,"Property `{property_id}`; middleware verifies actor access; handler checks addressed resource IDs. Not restaurant-scoped, or restaurant list filtered by actor assignment.",Yes; X-CSRF-Token must match the admin session token.,300 per authenticated admin session/min,Body application/json: GenericPayload: data:object[any] (required body); property_id(path):string required,dict (handler-defined shape),No direct app-store call identified; inspect handler/helper.,middleware: api.post on successful response (<400),create_facility,app/main.py route + middleware + app/admin_route_policies.json
POST,/api/admin/properties/{property_id}/feedback,Admin session cookie required.,requests.manage,"Property `{property_id}`; middleware verifies actor access; handler checks addressed resource IDs. Not restaurant-scoped, or restaurant list filtered by actor assignment.",Yes; X-CSRF-Token must match the admin session token.,300 per authenticated admin session/min,Body application/json: GenericPayload: data:object[any] (required body); property_id(path):string required,dict (handler-defined shape),No direct app-store call identified; inspect handler/helper.,middleware: api.post on successful response (<400),add_guest_feedback,app/main.py route + middleware + app/admin_route_policies.json
GET,/api/admin/properties/{property_id}/floor-maps/{map_id}/asset,Admin session cookie required.,properties.view,"Property `{property_id}`; middleware verifies actor access; handler checks addressed resource IDs. Not restaurant-scoped, or restaurant list filtered by actor assignment.",No (safe method).,300 per authenticated admin session/min,property_id(path):string required; map_id(path):string required,FileResponse (handler-selected file/media type),No direct app-store call identified; inspect handler/helper.,No admin audit event identified at route boundary; domain/helper events may apply.,floor_map_asset,app/main.py route + middleware + app/admin_route_policies.json
POST,/api/admin/properties/{property_id}/floors,Admin session cookie required.,properties.edit,"Property `{property_id}`; middleware verifies actor access; handler checks addressed resource IDs. Not restaurant-scoped, or restaurant list filtered by actor assignment.",Yes; X-CSRF-Token must match the admin session token.,300 per authenticated admin session/min,Body application/json: GenericPayload: data:object[any] (required body); property_id(path):string required,dict (handler-defined shape),No direct app-store call identified; inspect handler/helper.,middleware: api.post on successful response (<400),create_floor,app/main.py route + middleware + app/admin_route_policies.json
POST,/api/admin/properties/{property_id}/floors/{floor_id}/maps,Admin session cookie required.,properties.edit,"Property `{property_id}`; middleware verifies actor access; handler checks addressed resource IDs. Not restaurant-scoped, or restaurant list filtered by actor assignment.",Yes; X-CSRF-Token must match the admin session token.,300 per authenticated admin session/min,Body application/json: UploadPayload: filename:string [1..220] required; content_type:string [1..120] required; content_base64:string [1..∞] required; width:number | null; height:number | null (required body); property_id(path):string required; floor_id(path):string required,dict (handler-defined shape),No direct app-store call identified; inspect handler/helper.,middleware: api.post on successful response (<400),upload_floor_map,app/main.py route + middleware + app/admin_route_policies.json
GET,/api/admin/properties/{property_id}/guardrails,Admin session cookie required.,security.view,"Property `{property_id}`; middleware verifies actor access; handler checks addressed resource IDs. Not restaurant-scoped, or restaurant list filtered by actor assignment.",No (safe method).,300 per authenticated admin session/min,property_id(path):string required,dict (handler-defined shape),No direct app-store call identified; inspect handler/helper.,No admin audit event identified at route boundary; domain/helper events may apply.,get_property_guardrails,app/main.py route + middleware + app/admin_route_policies.json
PUT,/api/admin/properties/{property_id}/guardrails,Admin session cookie required.,security.configure,"Property `{property_id}`; middleware verifies actor access; handler checks addressed resource IDs. Not restaurant-scoped, or restaurant list filtered by actor assignment.",Yes; X-CSRF-Token must match the admin session token.,300 per authenticated admin session/min,Body application/json: GuardrailConfigPayload: config:object[any] (required body); property_id(path):string required,dict (handler-defined shape),No direct app-store call identified; inspect handler/helper.,middleware: api.put on successful response (<400),update_property_guardrails,app/main.py route + middleware + app/admin_route_policies.json
GET,/api/admin/properties/{property_id}/guardrails/diagnostics,Admin session cookie required.,security.view,"Property `{property_id}`; middleware verifies actor access; handler checks addressed resource IDs. Not restaurant-scoped, or restaurant list filtered by actor assignment.",No (safe method).,300 per authenticated admin session/min,property_id(path):string required,dict (handler-defined shape),No direct app-store call identified; inspect handler/helper.,No admin audit event identified at route boundary; domain/helper events may apply.,property_guardrail_diagnostics,app/main.py route + middleware + app/admin_route_policies.json
GET,/api/admin/properties/{property_id}/hospitality,Admin session cookie required.,restaurant.view,"Property `{property_id}`; middleware verifies actor access; handler checks addressed resource IDs. Not restaurant-scoped, or restaurant list filtered by actor assignment.",No (safe method).,300 per authenticated admin session/min,property_id(path):string required,dict (handler-defined shape),hospitality.overview,No admin audit event identified at route boundary; domain/helper events may apply.,hospitality_overview,app/main.py route + middleware + app/admin_route_policies.json
PUT,/api/admin/properties/{property_id}/hospitality/facilities,Admin session cookie required.,properties.edit,"Property `{property_id}`; middleware verifies actor access; handler checks addressed resource IDs. Not restaurant-scoped, or restaurant list filtered by actor assignment.",Yes; X-CSRF-Token must match the admin session token.,300 per authenticated admin session/min,Body application/json: GenericPayload: data:object[any] (required body); property_id(path):string required,dict (handler-defined shape),No direct app-store call identified; inspect handler/helper.,middleware: api.put on successful response (<400),upsert_facility_profile,app/main.py route + middleware + app/admin_route_policies.json
DELETE,/api/admin/properties/{property_id}/hospitality/facilities/{facility_id},Admin session cookie required.,properties.edit,"Property `{property_id}`; middleware verifies actor access; handler checks addressed resource IDs. Not restaurant-scoped, or restaurant list filtered by actor assignment.",Yes; X-CSRF-Token must match the admin session token.,300 per authenticated admin session/min,property_id(path):string required; facility_id(path):string required,dict (handler-defined shape),hospitality.delete_facility_profile,middleware: api.delete on successful response (<400),delete_facility_profile,app/main.py route + middleware + app/admin_route_policies.json
GET,/api/admin/properties/{property_id}/improvement-loop,Admin session cookie required.,ai.view,"Property `{property_id}`; middleware verifies actor access; handler checks addressed resource IDs. Not restaurant-scoped, or restaurant list filtered by actor assignment.",No (safe method).,300 per authenticated admin session/min,property_id(path):string required,dict (handler-defined shape),No direct app-store call identified; inspect handler/helper.,No admin audit event identified at route boundary; domain/helper events may apply.,get_improvement_loop,app/main.py route + middleware + app/admin_route_policies.json
PUT,/api/admin/properties/{property_id}/improvement-loop,Admin session cookie required.,ai.configure,"Property `{property_id}`; middleware verifies actor access; handler checks addressed resource IDs. Not restaurant-scoped, or restaurant list filtered by actor assignment.",Yes; X-CSRF-Token must match the admin session token.,300 per authenticated admin session/min,Body application/json: ImprovementLoopConfigPayload: objective:string default=; satisfaction_criteria:string default=; evidence:string default=; provider_id:string default=local; model:string default=; approval_mode:string default=manual; interval_seconds:integer default=60; max_iterations:integer default=0; max_consecutive_failures:integer default=3 (required body); property_id(path):string required,dict (handler-defined shape),No direct app-store call identified; inspect handler/helper.,middleware: api.put on successful response (<400),save_improvement_loop_config,app/main.py route + middleware + app/admin_route_policies.json
POST,/api/admin/properties/{property_id}/improvement-loop/decision,Admin session cookie required.,ai.configure,"Property `{property_id}`; middleware verifies actor access; handler checks addressed resource IDs. Not restaurant-scoped, or restaurant list filtered by actor assignment.",Yes; X-CSRF-Token must match the admin session token.,300 per authenticated admin session/min,Body application/json: ImprovementLoopDecisionPayload: decision:string [pattern=^(approved|revision_requested)$] required; feedback:string default= (required body); property_id(path):string required,dict (handler-defined shape),No direct app-store call identified; inspect handler/helper.,middleware: api.post on successful response (<400),decide_improvement_loop,app/main.py route + middleware + app/admin_route_policies.json
POST,/api/admin/properties/{property_id}/improvement-loop/pause,Admin session cookie required.,ai.configure,"Property `{property_id}`; middleware verifies actor access; handler checks addressed resource IDs. Not restaurant-scoped, or restaurant list filtered by actor assignment.",Yes; X-CSRF-Token must match the admin session token.,300 per authenticated admin session/min,property_id(path):string required,dict (handler-defined shape),No direct app-store call identified; inspect handler/helper.,middleware: api.post on successful response (<400),pause_improvement_loop,app/main.py route + middleware + app/admin_route_policies.json
POST,/api/admin/properties/{property_id}/improvement-loop/resume,Admin session cookie required.,ai.configure,"Property `{property_id}`; middleware verifies actor access; handler checks addressed resource IDs. Not restaurant-scoped, or restaurant list filtered by actor assignment.",Yes; X-CSRF-Token must match the admin session token.,300 per authenticated admin session/min,property_id(path):string required,dict (handler-defined shape),No direct app-store call identified; inspect handler/helper.,middleware: api.post on successful response (<400),resume_improvement_loop,app/main.py route + middleware + app/admin_route_policies.json
POST,/api/admin/properties/{property_id}/improvement-loop/run-next,Admin session cookie required.,ai.configure,"Property `{property_id}`; middleware verifies actor access; handler checks addressed resource IDs. Not restaurant-scoped, or restaurant list filtered by actor assignment.",Yes; X-CSRF-Token must match the admin session token.,300 per authenticated admin session/min,property_id(path):string required,dict (handler-defined shape),No direct app-store call identified; inspect handler/helper.,middleware: api.post on successful response (<400),run_single_improvement_loop_iteration,app/main.py route + middleware + app/admin_route_policies.json
POST,/api/admin/properties/{property_id}/improvement-loop/satisfied,Admin session cookie required.,ai.configure,"Property `{property_id}`; middleware verifies actor access; handler checks addressed resource IDs. Not restaurant-scoped, or restaurant list filtered by actor assignment.",Yes; X-CSRF-Token must match the admin session token.,300 per authenticated admin session/min,property_id(path):string required,dict (handler-defined shape),No direct app-store call identified; inspect handler/helper.,middleware: api.post on successful response (<400),satisfy_improvement_loop,app/main.py route + middleware + app/admin_route_policies.json
POST,/api/admin/properties/{property_id}/improvement-loop/start,Admin session cookie required.,ai.configure,"Property `{property_id}`; middleware verifies actor access; handler checks addressed resource IDs. Not restaurant-scoped, or restaurant list filtered by actor assignment.",Yes; X-CSRF-Token must match the admin session token.,300 per authenticated admin session/min,property_id(path):string required,dict (handler-defined shape),No direct app-store call identified; inspect handler/helper.,middleware: api.post on successful response (<400),start_improvement_loop,app/main.py route + middleware + app/admin_route_policies.json
POST,/api/admin/properties/{property_id}/improvement-loop/stop,Admin session cookie required.,ai.configure,"Property `{property_id}`; middleware verifies actor access; handler checks addressed resource IDs. Not restaurant-scoped, or restaurant list filtered by actor assignment.",Yes; X-CSRF-Token must match the admin session token.,300 per authenticated admin session/min,property_id(path):string required,dict (handler-defined shape),No direct app-store call identified; inspect handler/helper.,middleware: api.post on successful response (<400),stop_improvement_loop,app/main.py route + middleware + app/admin_route_policies.json
GET,/api/admin/properties/{property_id}/intro,Admin session cookie required.,concierge.view,"Property `{property_id}`; middleware verifies actor access; handler checks addressed resource IDs. Not restaurant-scoped, or restaurant list filtered by actor assignment.",No (safe method).,300 per authenticated admin session/min,property_id(path):string required,dict (handler-defined shape),No direct app-store call identified; inspect handler/helper.,No admin audit event identified at route boundary; domain/helper events may apply.,get_intro,app/main.py route + middleware + app/admin_route_policies.json
PUT,/api/admin/properties/{property_id}/intro,Admin session cookie required.,concierge.edit,"Property `{property_id}`; middleware verifies actor access; handler checks addressed resource IDs. Not restaurant-scoped, or restaurant list filtered by actor assignment.",Yes; X-CSRF-Token must match the admin session token.,300 per authenticated admin session/min,Body application/json: GenericPayload: data:object[any] (required body); property_id(path):string required,dict (handler-defined shape),No direct app-store call identified; inspect handler/helper.,middleware: api.put on successful response (<400),save_intro,app/main.py route + middleware + app/admin_route_policies.json
GET,/api/admin/properties/{property_id}/intro/assets/{filename},Admin session cookie required.,concierge.view,"Property `{property_id}`; middleware verifies actor access; handler checks addressed resource IDs. Not restaurant-scoped, or restaurant list filtered by actor assignment.",No (safe method).,300 per authenticated admin session/min,property_id(path):string required; filename(path):string required,FileResponse (handler-selected file/media type),No direct app-store call identified; inspect handler/helper.,No admin audit event identified at route boundary; domain/helper events may apply.,intro_asset,app/main.py route + middleware + app/admin_route_policies.json
POST,/api/admin/properties/{property_id}/intro/upload,Admin session cookie required.,concierge.edit,"Property `{property_id}`; middleware verifies actor access; handler checks addressed resource IDs. Not restaurant-scoped, or restaurant list filtered by actor assignment.",Yes; X-CSRF-Token must match the admin session token.,300 per authenticated admin session/min,Body application/json: UploadPayload: filename:string [1..220] required; content_type:string [1..120] required; content_base64:string [1..∞] required; width:number | null; height:number | null (required body); property_id(path):string required,dict (handler-defined shape),No direct app-store call identified; inspect handler/helper.,middleware: api.post on successful response (<400),upload_intro,app/main.py route + middleware + app/admin_route_policies.json
POST,/api/admin/properties/{property_id}/journey-events,Admin session cookie required.,properties.edit,"Property `{property_id}`; middleware verifies actor access; handler checks addressed resource IDs. Not restaurant-scoped, or restaurant list filtered by actor assignment.",Yes; X-CSRF-Token must match the admin session token.,300 per authenticated admin session/min,Body application/json: GenericPayload: data:object[any] (required body); property_id(path):string required,dict (handler-defined shape),hospitality.record_journey_event,middleware: api.post on successful response (<400),record_journey_event,app/main.py route + middleware + app/admin_route_policies.json
GET,/api/admin/properties/{property_id}/knowledge,Admin session cookie required.,knowledge.view,"Property `{property_id}`; middleware verifies actor access; handler checks addressed resource IDs. Not restaurant-scoped, or restaurant list filtered by actor assignment.",No (safe method).,300 per authenticated admin session/min,property_id(path):string required,dict (handler-defined shape),No direct app-store call identified; inspect handler/helper.,No admin audit event identified at route boundary; domain/helper events may apply.,list_property_knowledge,app/main.py route + middleware + app/admin_route_policies.json
PUT,/api/admin/properties/{property_id}/knowledge,Admin session cookie required.,knowledge.edit,"Property `{property_id}`; middleware verifies actor access; handler checks addressed resource IDs. Not restaurant-scoped, or restaurant list filtered by actor assignment.",Yes; X-CSRF-Token must match the admin session token.,300 per authenticated admin session/min,Body application/json: KnowledgePayload: item_id:string | null; kind:string [pattern=^(entry|faq)$] default=entry; title:string [−∞..200] default=; question:string [−∞..500] default=; answer:string [−∞..12000] default=; body:string [−∞..50000] default=; enabled:boolean default=True (required body); property_id(path):string required,dict (handler-defined shape),operations.save_knowledge,middleware: api.put on successful response (<400),save_property_knowledge,app/main.py route + middleware + app/admin_route_policies.json
GET,/api/admin/properties/{property_id}/knowledge/conflicts,Admin session cookie required.,knowledge.view,"Property `{property_id}`; middleware verifies actor access; handler checks addressed resource IDs. Not restaurant-scoped, or restaurant list filtered by actor assignment.",No (safe method).,300 per authenticated admin session/min,property_id(path):string required,dict (handler-defined shape),No direct app-store call identified; inspect handler/helper.,No admin audit event identified at route boundary; domain/helper events may apply.,knowledge_conflicts,app/main.py route + middleware + app/admin_route_policies.json
POST,/api/admin/properties/{property_id}/knowledge/conflicts/{conflict_id}/resolve,Admin session cookie required.,knowledge.publish,"Property `{property_id}`; middleware verifies actor access; handler checks addressed resource IDs. Not restaurant-scoped, or restaurant list filtered by actor assignment.",Yes; X-CSRF-Token must match the admin session token.,300 per authenticated admin session/min,Body application/json: ConflictResolutionPayload: winner_id:string required; note:string default= (required body); property_id(path):string required; conflict_id(path):string required,dict (handler-defined shape),No direct app-store call identified; inspect handler/helper.,explicit: knowledge.conflict_resolved; middleware: api.post on successful response (<400),resolve_knowledge_conflict,app/main.py route + middleware + app/admin_route_policies.json
POST,/api/admin/properties/{property_id}/knowledge/documents,Admin session cookie required.,knowledge.edit,"Property `{property_id}`; middleware verifies actor access; handler checks addressed resource IDs. Not restaurant-scoped, or restaurant list filtered by actor assignment.",Yes; X-CSRF-Token must match the admin session token.,300 per authenticated admin session/min,Body application/json: UploadPayload: filename:string [1..220] required; content_type:string [1..120] required; content_base64:string [1..∞] required; width:number | null; height:number | null (required body); property_id(path):string required,dict (handler-defined shape),No direct app-store call identified; inspect handler/helper.,middleware: api.post on successful response (<400),upload_knowledge_document,app/main.py route + middleware + app/admin_route_policies.json
GET,/api/admin/properties/{property_id}/knowledge/health,Admin session cookie required.,knowledge.view,"Property `{property_id}`; middleware verifies actor access; handler checks addressed resource IDs. Not restaurant-scoped, or restaurant list filtered by actor assignment.",No (safe method).,300 per authenticated admin session/min,property_id(path):string required,dict (handler-defined shape),No direct app-store call identified; inspect handler/helper.,No admin audit event identified at route boundary; domain/helper events may apply.,knowledge_health,app/main.py route + middleware + app/admin_route_policies.json
POST,/api/admin/properties/{property_id}/knowledge/items,Admin session cookie required.,knowledge.edit,"Property `{property_id}`; middleware verifies actor access; handler checks addressed resource IDs. Not restaurant-scoped, or restaurant list filtered by actor assignment.",Yes; X-CSRF-Token must match the admin session token.,300 per authenticated admin session/min,Body application/json: KnowledgeDraftPayload: title:string [1..200] required; content:string [1..4000] required; category:string default=Other (required body); property_id(path):string required,dict (handler-defined shape),No direct app-store call identified; inspect handler/helper.,explicit: knowledge.draft_created; middleware: api.post on successful response (<400),create_managed_knowledge_draft,app/main.py route + middleware + app/admin_route_policies.json
GET,/api/admin/properties/{property_id}/knowledge/items/{item_id},Admin session cookie required.,knowledge.view,"Property `{property_id}`; middleware verifies actor access; handler checks addressed resource IDs. Not restaurant-scoped, or restaurant list filtered by actor assignment.",No (safe method).,300 per authenticated admin session/min,property_id(path):string required; item_id(path):string required,dict (handler-defined shape),No direct app-store call identified; inspect handler/helper.,No admin audit event identified at route boundary; domain/helper events may apply.,get_managed_knowledge_item,app/main.py route + middleware + app/admin_route_policies.json
PATCH,/api/admin/properties/{property_id}/knowledge/items/{item_id},Admin session cookie required.,knowledge.edit,"Property `{property_id}`; middleware verifies actor access; handler checks addressed resource IDs. Not restaurant-scoped, or restaurant list filtered by actor assignment.",Yes; X-CSRF-Token must match the admin session token.,300 per authenticated admin session/min,Body application/json: KnowledgeItemUpdatePayload: title:string | null; content:string | null; category:string | null; visibility:string | null; role_slug:string | null; effective_at:integer | null; expires_at:integer | null (required body); property_id(path):string required; item_id(path):string required,dict (handler-defined shape),No direct app-store call identified; inspect handler/helper.,explicit: knowledge.item_edited; middleware: api.patch on successful response (<400),edit_managed_knowledge_item,app/main.py route + middleware + app/admin_route_policies.json
POST,/api/admin/properties/{property_id}/knowledge/items/{item_id}/approve,Admin session cookie required.,knowledge.publish,"Property `{property_id}`; middleware verifies actor access; handler checks addressed resource IDs. Not restaurant-scoped, or restaurant list filtered by actor assignment.",Yes; X-CSRF-Token must match the admin session token.,300 per authenticated admin session/min,property_id(path):string required; item_id(path):string required,dict (handler-defined shape),No direct app-store call identified; inspect handler/helper.,middleware: api.post on successful response (<400),transition_managed_knowledge_item,app/main.py route + middleware + app/admin_route_policies.json
POST,/api/admin/properties/{property_id}/knowledge/items/{item_id}/archive,Admin session cookie required.,knowledge.edit,"Property `{property_id}`; middleware verifies actor access; handler checks addressed resource IDs. Not restaurant-scoped, or restaurant list filtered by actor assignment.",Yes; X-CSRF-Token must match the admin session token.,300 per authenticated admin session/min,property_id(path):string required; item_id(path):string required,dict (handler-defined shape),No direct app-store call identified; inspect handler/helper.,middleware: api.post on successful response (<400),transition_managed_knowledge_item,app/main.py route + middleware + app/admin_route_policies.json
POST,/api/admin/properties/{property_id}/knowledge/items/{item_id}/publish,Admin session cookie required.,knowledge.publish,"Property `{property_id}`; middleware verifies actor access; handler checks addressed resource IDs. Not restaurant-scoped, or restaurant list filtered by actor assignment.",Yes; X-CSRF-Token must match the admin session token.,300 per authenticated admin session/min,property_id(path):string required; item_id(path):string required,dict (handler-defined shape),No direct app-store call identified; inspect handler/helper.,middleware: api.post on successful response (<400),transition_managed_knowledge_item,app/main.py route + middleware + app/admin_route_policies.json
POST,/api/admin/properties/{property_id}/knowledge/items/{item_id}/unpublish,Admin session cookie required.,knowledge.publish,"Property `{property_id}`; middleware verifies actor access; handler checks addressed resource IDs. Not restaurant-scoped, or restaurant list filtered by actor assignment.",Yes; X-CSRF-Token must match the admin session token.,300 per authenticated admin session/min,property_id(path):string required; item_id(path):string required,dict (handler-defined shape),No direct app-store call identified; inspect handler/helper.,middleware: api.post on successful response (<400),transition_managed_knowledge_item,app/main.py route + middleware + app/admin_route_policies.json
GET,/api/admin/properties/{property_id}/knowledge/managed,Admin session cookie required.,knowledge.view,"Property `{property_id}`; middleware verifies actor access; handler checks addressed resource IDs. Not restaurant-scoped, or restaurant list filtered by actor assignment.",No (safe method).,300 per authenticated admin session/min,property_id(path):string required; source_id(query):string | null; status(query):string | null; q(query):string default=,dict (handler-defined shape),No direct app-store call identified; inspect handler/helper.,No admin audit event identified at route boundary; domain/helper events may apply.,managed_knowledge,app/main.py route + middleware + app/admin_route_policies.json
POST,/api/admin/properties/{property_id}/knowledge/sources,Admin session cookie required.,knowledge.edit,"Property `{property_id}`; middleware verifies actor access; handler checks addressed resource IDs. Not restaurant-scoped, or restaurant list filtered by actor assignment.",Yes; X-CSRF-Token must match the admin session token.,300 per authenticated admin session/min,Body application/json: UploadPayload: filename:string [1..220] required; content_type:string [1..120] required; content_base64:string [1..∞] required; width:number | null; height:number | null (required body); property_id(path):string required,dict (handler-defined shape),No direct app-store call identified; inspect handler/helper.,explicit: knowledge.source_uploaded; middleware: api.post on successful response (<400),create_knowledge_source,app/main.py route + middleware + app/admin_route_policies.json
DELETE,/api/admin/properties/{property_id}/knowledge/sources/{source_id},Admin session cookie required.,knowledge.delete,"Property `{property_id}`; middleware verifies actor access; handler checks addressed resource IDs. Not restaurant-scoped, or restaurant list filtered by actor assignment.",Yes; X-CSRF-Token must match the admin session token.,300 per authenticated admin session/min,property_id(path):string required; source_id(path):string required,dict (handler-defined shape),No direct app-store call identified; inspect handler/helper.,explicit: knowledge.source_deleted; middleware: api.delete on successful response (<400),delete_knowledge_source,app/main.py route + middleware + app/admin_route_policies.json
GET,/api/admin/properties/{property_id}/knowledge/sources/{source_id},Admin session cookie required.,knowledge.view,"Property `{property_id}`; middleware verifies actor access; handler checks addressed resource IDs. Not restaurant-scoped, or restaurant list filtered by actor assignment.",No (safe method).,300 per authenticated admin session/min,property_id(path):string required; source_id(path):string required,dict (handler-defined shape),No direct app-store call identified; inspect handler/helper.,No admin audit event identified at route boundary; domain/helper events may apply.,get_knowledge_source,app/main.py route + middleware + app/admin_route_policies.json
GET,/api/admin/properties/{property_id}/knowledge/sources/{source_id}/download,Admin session cookie required.,knowledge.view,"Property `{property_id}`; middleware verifies actor access; handler checks addressed resource IDs. Not restaurant-scoped, or restaurant list filtered by actor assignment.",No (safe method).,300 per authenticated admin session/min,property_id(path):string required; source_id(path):string required,FileResponse (handler-selected file/media type),No direct app-store call identified; inspect handler/helper.,No admin audit event identified at route boundary; domain/helper events may apply.,download_knowledge_source,app/main.py route + middleware + app/admin_route_policies.json
POST,/api/admin/properties/{property_id}/knowledge/sources/{source_id}/replace,Admin session cookie required.,knowledge.edit,"Property `{property_id}`; middleware verifies actor access; handler checks addressed resource IDs. Not restaurant-scoped, or restaurant list filtered by actor assignment.",Yes; X-CSRF-Token must match the admin session token.,300 per authenticated admin session/min,Body application/json: UploadPayload: filename:string [1..220] required; content_type:string [1..120] required; content_base64:string [1..∞] required; width:number | null; height:number | null (required body); property_id(path):string required; source_id(path):string required,dict (handler-defined shape),No direct app-store call identified; inspect handler/helper.,explicit: knowledge.source_replaced; middleware: api.post on successful response (<400),replace_knowledge_source,app/main.py route + middleware + app/admin_route_policies.json
POST,/api/admin/properties/{property_id}/knowledge/sources/{source_id}/retry,Admin session cookie required.,knowledge.edit,"Property `{property_id}`; middleware verifies actor access; handler checks addressed resource IDs. Not restaurant-scoped, or restaurant list filtered by actor assignment.",Yes; X-CSRF-Token must match the admin session token.,300 per authenticated admin session/min,property_id(path):string required; source_id(path):string required,dict (handler-defined shape),No direct app-store call identified; inspect handler/helper.,middleware: api.post on successful response (<400),retry_knowledge_source,app/main.py route + middleware + app/admin_route_policies.json
POST,/api/admin/properties/{property_id}/knowledge/sources/{source_id}/supersede,Admin session cookie required.,knowledge.publish,"Property `{property_id}`; middleware verifies actor access; handler checks addressed resource IDs. Not restaurant-scoped, or restaurant list filtered by actor assignment.",Yes; X-CSRF-Token must match the admin session token.,300 per authenticated admin session/min,property_id(path):string required; source_id(path):string required,dict (handler-defined shape),No direct app-store call identified; inspect handler/helper.,explicit: knowledge.source_superseded; middleware: api.post on successful response (<400),supersede_knowledge_source,app/main.py route + middleware + app/admin_route_policies.json
GET,/api/admin/properties/{property_id}/knowledge/sources/{source_id}/versions,Admin session cookie required.,knowledge.view,"Property `{property_id}`; middleware verifies actor access; handler checks addressed resource IDs. Not restaurant-scoped, or restaurant list filtered by actor assignment.",No (safe method).,300 per authenticated admin session/min,property_id(path):string required; source_id(path):string required,dict (handler-defined shape),No direct app-store call identified; inspect handler/helper.,No admin audit event identified at route boundary; domain/helper events may apply.,get_knowledge_source_versions,app/main.py route + middleware + app/admin_route_policies.json
DELETE,/api/admin/properties/{property_id}/knowledge/{item_id},Admin session cookie required.,knowledge.delete,"Property `{property_id}`; middleware verifies actor access; handler checks addressed resource IDs. Not restaurant-scoped, or restaurant list filtered by actor assignment.",Yes; X-CSRF-Token must match the admin session token.,300 per authenticated admin session/min,property_id(path):string required; item_id(path):string required,dict (handler-defined shape),operations.delete_knowledge,middleware: api.delete on successful response (<400),delete_property_knowledge,app/main.py route + middleware + app/admin_route_policies.json
GET,/api/admin/properties/{property_id}/location/live,Admin session cookie required.,analytics.view,"Property `{property_id}`; middleware verifies actor access; handler checks addressed resource IDs. Not restaurant-scoped, or restaurant list filtered by actor assignment.",No (safe method).,300 per authenticated admin session/min,property_id(path):string required,dict (handler-defined shape),No direct app-store call identified; inspect handler/helper.,No admin audit event identified at route boundary; domain/helper events may apply.,live_location_analytics,app/main.py route + middleware + app/admin_route_policies.json
POST,/api/admin/properties/{property_id}/location/observations,Admin session cookie required.,properties.edit,"Property `{property_id}`; middleware verifies actor access; handler checks addressed resource IDs. Not restaurant-scoped, or restaurant list filtered by actor assignment.",Yes; X-CSRF-Token must match the admin session token.,300 per authenticated admin session/min,Body application/json: ObservationPayload: raw_mac:string | null; device_id:string | null; stay_id:string | null; access_point_identifier:string [1..160] required; observed_at:integer | null (required body); property_id(path):string required,dict (handler-defined shape),location_analytics.record_observation,middleware: api.post on successful response (<400),record_location_observation,app/main.py route + middleware + app/admin_route_policies.json
POST,/api/admin/properties/{property_id}/location/report,Admin session cookie required.,properties.edit,"Property `{property_id}`; middleware verifies actor access; handler checks addressed resource IDs. Not restaurant-scoped, or restaurant list filtered by actor assignment.",Yes; X-CSRF-Token must match the admin session token.,300 per authenticated admin session/min,Body application/json: AnalyticsQuery: start_at:integer required; end_at:integer required; filters:object[any] (required body); property_id(path):string required,dict (handler-defined shape),No direct app-store call identified; inspect handler/helper.,middleware: api.post on successful response (<400),location_report,app/main.py route + middleware + app/admin_route_policies.json
PUT,/api/admin/properties/{property_id}/menu-items/{item_id},Admin session cookie required.,restaurant.menu.edit,"Property `{property_id}`; middleware verifies actor access; handler checks addressed resource IDs. Restaurant resolved from resource ID, then assignment checked by handler.",Yes; X-CSRF-Token must match the admin session token.,300 per authenticated admin session/min,Body application/json: GenericPayload: data:object[any] (required body); property_id(path):string required; item_id(path):string required,dict (handler-defined shape),hospitality.update_menu_item,middleware: api.put on successful response (<400),update_menu_item,app/main.py route + middleware + app/admin_route_policies.json
PUT,/api/admin/properties/{property_id}/menus/{menu_id},Admin session cookie required.,restaurant.menu.edit,"Property `{property_id}`; middleware verifies actor access; handler checks addressed resource IDs. Restaurant resolved from resource ID, then assignment checked by handler.",Yes; X-CSRF-Token must match the admin session token.,300 per authenticated admin session/min,Body application/json: GenericPayload: data:object[any] (required body); property_id(path):string required; menu_id(path):string required,dict (handler-defined shape),hospitality.update_menu,middleware: api.put on successful response (<400),update_restaurant_menu,app/main.py route + middleware + app/admin_route_policies.json
POST,/api/admin/properties/{property_id}/menus/{menu_id}/approve,Admin session cookie required.,restaurant.menu.approve,"Property `{property_id}`; middleware verifies actor access; handler checks addressed resource IDs. Restaurant resolved from resource ID, then assignment checked by handler.",Yes; X-CSRF-Token must match the admin session token.,300 per authenticated admin session/min,property_id(path):string required; menu_id(path):string required,dict (handler-defined shape),hospitality.approve_menu,middleware: api.post on successful response (<400),approve_restaurant_menu,app/main.py route + middleware + app/admin_route_policies.json
POST,/api/admin/properties/{property_id}/menus/{menu_id}/items,Admin session cookie required.,restaurant.menu.edit,"Property `{property_id}`; middleware verifies actor access; handler checks addressed resource IDs. Restaurant resolved from resource ID, then assignment checked by handler.",Yes; X-CSRF-Token must match the admin session token.,300 per authenticated admin session/min,Body application/json: GenericPayload: data:object[any] (required body); property_id(path):string required; menu_id(path):string required,dict (handler-defined shape),hospitality.create_menu_item,middleware: api.post on successful response (<400),create_menu_item,app/main.py route + middleware + app/admin_route_policies.json
POST,/api/admin/properties/{property_id}/menus/{menu_id}/publish,Admin session cookie required.,restaurant.menu.approve,"Property `{property_id}`; middleware verifies actor access; handler checks addressed resource IDs. Restaurant resolved from resource ID, then assignment checked by handler.",Yes; X-CSRF-Token must match the admin session token.,300 per authenticated admin session/min,property_id(path):string required; menu_id(path):string required,dict (handler-defined shape),hospitality.publish_menu,middleware: api.post on successful response (<400),publish_restaurant_menu,app/main.py route + middleware + app/admin_route_policies.json
POST,/api/admin/properties/{property_id}/navigation/edges,Admin session cookie required.,properties.edit,"Property `{property_id}`; middleware verifies actor access; handler checks addressed resource IDs. Not restaurant-scoped, or restaurant list filtered by actor assignment.",Yes; X-CSRF-Token must match the admin session token.,300 per authenticated admin session/min,Body application/json: GenericPayload: data:object[any] (required body); property_id(path):string required,dict (handler-defined shape),No direct app-store call identified; inspect handler/helper.,middleware: api.post on successful response (<400),create_navigation_edge,app/main.py route + middleware + app/admin_route_policies.json
POST,/api/admin/properties/{property_id}/navigation/nodes,Admin session cookie required.,properties.edit,"Property `{property_id}`; middleware verifies actor access; handler checks addressed resource IDs. Not restaurant-scoped, or restaurant list filtered by actor assignment.",Yes; X-CSRF-Token must match the admin session token.,300 per authenticated admin session/min,Body application/json: GenericPayload: data:object[any] (required body); property_id(path):string required,dict (handler-defined shape),No direct app-store call identified; inspect handler/helper.,middleware: api.post on successful response (<400),create_navigation_node,app/main.py route + middleware + app/admin_route_policies.json
GET,/api/admin/properties/{property_id}/navigation/route,Admin session cookie required.,properties.view,"Property `{property_id}`; middleware verifies actor access; handler checks addressed resource IDs. Not restaurant-scoped, or restaurant list filtered by actor assignment.",No (safe method).,300 per authenticated admin session/min,property_id(path):string required; from_node_id(query):string required; to_node_id(query):string required,dict (handler-defined shape),No direct app-store call identified; inspect handler/helper.,No admin audit event identified at route boundary; domain/helper events may apply.,admin_route,app/main.py route + middleware + app/admin_route_policies.json
POST,/api/admin/properties/{property_id}/notifications/rules,Admin session cookie required.,properties.edit,"Property `{property_id}`; middleware verifies actor access; handler checks addressed resource IDs. Not restaurant-scoped, or restaurant list filtered by actor assignment.",Yes; X-CSRF-Token must match the admin session token.,300 per authenticated admin session/min,Body application/json: GenericPayload: data:object[any] (required body); property_id(path):string required,dict (handler-defined shape),hospitality.create_notification_rule,middleware: api.post on successful response (<400),create_notification_rule,app/main.py route + middleware + app/admin_route_policies.json
POST,/api/admin/properties/{property_id}/notifications/rules/{rule_id}/evaluate,Admin session cookie required.,properties.edit,"Property `{property_id}`; middleware verifies actor access; handler checks addressed resource IDs. Not restaurant-scoped, or restaurant list filtered by actor assignment.",Yes; X-CSRF-Token must match the admin session token.,300 per authenticated admin session/min,Body application/json: NotificationEvaluatePayload: stay_id:string | null; verified_payload:object[any]; guest_preferences:object[any]; current_zone_id:string | null (required body); property_id(path):string required; rule_id(path):string required,dict (handler-defined shape),No direct app-store call identified; inspect handler/helper.,middleware: api.post on successful response (<400),evaluate_notification,app/main.py route + middleware + app/admin_route_policies.json
GET,/api/admin/properties/{property_id}/operations/alerts,Admin session cookie required.,dashboard.view,"Property `{property_id}`; middleware verifies actor access; handler checks addressed resource IDs. Not restaurant-scoped, or restaurant list filtered by actor assignment.",No (safe method).,300 per authenticated admin session/min,property_id(path):string required; period(query):string default=24h; start_at(query):integer | null; end_at(query):integer | null,dict (handler-defined shape),No direct app-store call identified; inspect handler/helper.,No admin audit event identified at route boundary; domain/helper events may apply.,operations_alerts,app/main.py route + middleware + app/admin_route_policies.json
GET,/api/admin/properties/{property_id}/operations/dashboard,Admin session cookie required.,dashboard.view,"Property `{property_id}`; middleware verifies actor access; handler checks addressed resource IDs. Not restaurant-scoped, or restaurant list filtered by actor assignment.",No (safe method).,300 per authenticated admin session/min,property_id(path):string required; period(query):string default=24h; start_at(query):integer | null; end_at(query):integer | null,dict (handler-defined shape),No direct app-store call identified; inspect handler/helper.,No admin audit event identified at route boundary; domain/helper events may apply.,operations_dashboard,app/main.py route + middleware + app/admin_route_policies.json
GET,/api/admin/properties/{property_id}/personalization,Admin session cookie required.,properties.view,"Property `{property_id}`; middleware verifies actor access; handler checks addressed resource IDs. Not restaurant-scoped, or restaurant list filtered by actor assignment.",No (safe method).,300 per authenticated admin session/min,property_id(path):string required,dict (handler-defined shape),No direct app-store call identified; inspect handler/helper.,No admin audit event identified at route boundary; domain/helper events may apply.,get_personalization_policy,app/main.py route + middleware + app/admin_route_policies.json
PUT,/api/admin/properties/{property_id}/personalization,Admin session cookie required.,properties.edit,"Property `{property_id}`; middleware verifies actor access; handler checks addressed resource IDs. Not restaurant-scoped, or restaurant list filtered by actor assignment.",Yes; X-CSRF-Token must match the admin session token.,300 per authenticated admin session/min,Body application/json: GenericPayload: data:object[any] (required body); property_id(path):string required,dict (handler-defined shape),personalization.save_policy,middleware: api.put on successful response (<400),save_personalization_policy,app/main.py route + middleware + app/admin_route_policies.json
PUT,/api/admin/properties/{property_id}/promotions/{promotion_id},Admin session cookie required.,restaurant.promotions.edit,"Property `{property_id}`; middleware verifies actor access; handler checks addressed resource IDs. Restaurant resolved from resource ID, then assignment checked by handler.",Yes; X-CSRF-Token must match the admin session token.,300 per authenticated admin session/min,Body application/json: GenericPayload: data:object[any] (required body); property_id(path):string required; promotion_id(path):string required,dict (handler-defined shape),hospitality.update_promotion,middleware: api.put on successful response (<400),update_restaurant_promotion,app/main.py route + middleware + app/admin_route_policies.json
POST,/api/admin/properties/{property_id}/promotions/{promotion_id}/approve,Admin session cookie required.,restaurant.promotions.approve,"Property `{property_id}`; middleware verifies actor access; handler checks addressed resource IDs. Restaurant resolved from resource ID, then assignment checked by handler.",Yes; X-CSRF-Token must match the admin session token.,300 per authenticated admin session/min,property_id(path):string required; promotion_id(path):string required,dict (handler-defined shape),hospitality.approve_promotion,middleware: api.post on successful response (<400),approve_restaurant_promotion,app/main.py route + middleware + app/admin_route_policies.json
POST,/api/admin/properties/{property_id}/promotions/{promotion_id}/publish,Admin session cookie required.,restaurant.promotions.approve,"Property `{property_id}`; middleware verifies actor access; handler checks addressed resource IDs. Restaurant resolved from resource ID, then assignment checked by handler.",Yes; X-CSRF-Token must match the admin session token.,300 per authenticated admin session/min,property_id(path):string required; promotion_id(path):string required,dict (handler-defined shape),hospitality.publish_promotion,middleware: api.post on successful response (<400),publish_restaurant_promotion,app/main.py route + middleware + app/admin_route_policies.json
GET,/api/admin/properties/{property_id}/recommendations,Admin session cookie required.,properties.view,"Property `{property_id}`; middleware verifies actor access; handler checks addressed resource IDs. Not restaurant-scoped, or restaurant list filtered by actor assignment.",No (safe method).,300 per authenticated admin session/min,property_id(path):string required,dict (handler-defined shape),No direct app-store call identified; inspect handler/helper.,No admin audit event identified at route boundary; domain/helper events may apply.,admin_recommendations,app/main.py route + middleware + app/admin_route_policies.json
PUT,/api/admin/properties/{property_id}/recommendations,Admin session cookie required.,properties.edit,"Property `{property_id}`; middleware verifies actor access; handler checks addressed resource IDs. Not restaurant-scoped, or restaurant list filtered by actor assignment.",Yes; X-CSRF-Token must match the admin session token.,300 per authenticated admin session/min,Body application/json: GenericPayload: data:object[any] (required body); property_id(path):string required,dict (handler-defined shape),No direct app-store call identified; inspect handler/helper.,middleware: api.put on successful response (<400),save_recommendation,app/main.py route + middleware + app/admin_route_policies.json
DELETE,/api/admin/properties/{property_id}/recommendations/{recommendation_id},Admin session cookie required.,properties.edit,"Property `{property_id}`; middleware verifies actor access; handler checks addressed resource IDs. Not restaurant-scoped, or restaurant list filtered by actor assignment.",Yes; X-CSRF-Token must match the admin session token.,300 per authenticated admin session/min,property_id(path):string required; recommendation_id(path):string required,dict (handler-defined shape),hospitality.delete_recommendation,middleware: api.delete on successful response (<400),delete_recommendation,app/main.py route + middleware + app/admin_route_policies.json
GET,/api/admin/properties/{property_id}/reports/export.pdf,Admin session cookie required.,reports.export,"Property `{property_id}`; middleware verifies actor access; handler checks addressed resource IDs. Not restaurant-scoped, or restaurant list filtered by actor assignment.",No (safe method).,300 per authenticated admin session/min,property_id(path):string required; period(query):string default=7d,PDF file (Response; application/pdf),No direct app-store call identified; inspect handler/helper.,No admin audit event identified at route boundary; domain/helper events may apply.,export_operations_pdf,app/main.py route + middleware + app/admin_route_policies.json
GET,/api/admin/properties/{property_id}/reports/export.xlsx,Admin session cookie required.,reports.export,"Property `{property_id}`; middleware verifies actor access; handler checks addressed resource IDs. Not restaurant-scoped, or restaurant list filtered by actor assignment.",No (safe method).,300 per authenticated admin session/min,property_id(path):string required; period(query):string default=7d,XLSX file (Response; application/vnd.openxmlformats-officedocument.spreadsheetml.sheet),No direct app-store call identified; inspect handler/helper.,No admin audit event identified at route boundary; domain/helper events may apply.,export_operations_xlsx,app/main.py route + middleware + app/admin_route_policies.json
GET,/api/admin/properties/{property_id}/restaurants,Admin session cookie required.,restaurant.view,"Property `{property_id}`; middleware verifies actor access; handler checks addressed resource IDs. Not restaurant-scoped, or restaurant list filtered by actor assignment.",No (safe method).,300 per authenticated admin session/min,property_id(path):string required,dict (handler-defined shape),hospitality.overview,No admin audit event identified at route boundary; domain/helper events may apply.,list_restaurants,app/main.py route + middleware + app/admin_route_policies.json
POST,/api/admin/properties/{property_id}/restaurants,Admin session cookie required.,restaurant.manage,"Property `{property_id}`; middleware verifies actor access; handler checks addressed resource IDs. Not restaurant-scoped, or restaurant list filtered by actor assignment.",Yes; X-CSRF-Token must match the admin session token.,300 per authenticated admin session/min,Body application/json: GenericPayload: data:object[any] (required body); property_id(path):string required,dict (handler-defined shape),hospitality.create_restaurant,middleware: api.post on successful response (<400),create_restaurant,app/main.py route + middleware + app/admin_route_policies.json
DELETE,/api/admin/properties/{property_id}/restaurants/{restaurant_id},Admin session cookie required.,restaurant.manage,Property `{property_id}`; middleware verifies actor access; handler checks addressed resource IDs. Property + assigned restaurant; route helper validates assignment.,Yes; X-CSRF-Token must match the admin session token.,300 per authenticated admin session/min,property_id(path):string required; restaurant_id(path):string required,dict (handler-defined shape),No direct app-store call identified; inspect handler/helper.,middleware: api.delete on successful response (<400),delete_restaurant,app/main.py route + middleware + app/admin_route_policies.json
GET,/api/admin/properties/{property_id}/restaurants/{restaurant_id},Admin session cookie required.,restaurant.view,Property `{property_id}`; middleware verifies actor access; handler checks addressed resource IDs. Property + assigned restaurant; route helper validates assignment.,No (safe method).,300 per authenticated admin session/min,property_id(path):string required; restaurant_id(path):string required,dict (handler-defined shape),No direct app-store call identified; inspect handler/helper.,No admin audit event identified at route boundary; domain/helper events may apply.,get_restaurant,app/main.py route + middleware + app/admin_route_policies.json
PUT,/api/admin/properties/{property_id}/restaurants/{restaurant_id},Admin session cookie required.,restaurant.manage,Property `{property_id}`; middleware verifies actor access; handler checks addressed resource IDs. Property + assigned restaurant; route helper validates assignment.,Yes; X-CSRF-Token must match the admin session token.,300 per authenticated admin session/min,Body application/json: GenericPayload: data:object[any] (required body); property_id(path):string required; restaurant_id(path):string required,dict (handler-defined shape),hospitality.update_restaurant,middleware: api.put on successful response (<400),update_restaurant,app/main.py route + middleware + app/admin_route_policies.json
GET,/api/admin/properties/{property_id}/restaurants/{restaurant_id}/analytics,Admin session cookie required.,restaurant.analytics.view,Property `{property_id}`; middleware verifies actor access; handler checks addressed resource IDs. Property + assigned restaurant; route helper validates assignment.,No (safe method).,300 per authenticated admin session/min,property_id(path):string required; restaurant_id(path):string required,dict (handler-defined shape),No direct app-store call identified; inspect handler/helper.,No admin audit event identified at route boundary; domain/helper events may apply.,restaurant_analytics,app/main.py route + middleware + app/admin_route_policies.json
PUT,/api/admin/properties/{property_id}/restaurants/{restaurant_id}/hours,Admin session cookie required.,restaurant.hours.edit,Property `{property_id}`; middleware verifies actor access; handler checks addressed resource IDs. Property + assigned restaurant; route helper validates assignment.,Yes; X-CSRF-Token must match the admin session token.,300 per authenticated admin session/min,Body application/json: GenericPayload: data:object[any] (required body); property_id(path):string required; restaurant_id(path):string required,dict (handler-defined shape),hospitality.update_restaurant,middleware: api.put on successful response (<400),update_restaurant_hours,app/main.py route + middleware + app/admin_route_policies.json
GET,/api/admin/properties/{property_id}/restaurants/{restaurant_id}/menus,Admin session cookie required.,restaurant.menu.view,Property `{property_id}`; middleware verifies actor access; handler checks addressed resource IDs. Property + assigned restaurant; route helper validates assignment.,No (safe method).,300 per authenticated admin session/min,property_id(path):string required; restaurant_id(path):string required,dict (handler-defined shape),No direct app-store call identified; inspect handler/helper.,No admin audit event identified at route boundary; domain/helper events may apply.,list_restaurant_menus,app/main.py route + middleware + app/admin_route_policies.json
POST,/api/admin/properties/{property_id}/restaurants/{restaurant_id}/menus,Admin session cookie required.,restaurant.menu.edit,Property `{property_id}`; middleware verifies actor access; handler checks addressed resource IDs. Property + assigned restaurant; route helper validates assignment.,Yes; X-CSRF-Token must match the admin session token.,300 per authenticated admin session/min,Body application/json: GenericPayload: data:object[any] (required body); property_id(path):string required; restaurant_id(path):string required,dict (handler-defined shape),hospitality.create_menu,middleware: api.post on successful response (<400),create_menu,app/main.py route + middleware + app/admin_route_policies.json
GET,/api/admin/properties/{property_id}/restaurants/{restaurant_id}/promotions,Admin session cookie required.,restaurant.promotions.view,Property `{property_id}`; middleware verifies actor access; handler checks addressed resource IDs. Property + assigned restaurant; route helper validates assignment.,No (safe method).,300 per authenticated admin session/min,property_id(path):string required; restaurant_id(path):string required,dict (handler-defined shape),No direct app-store call identified; inspect handler/helper.,No admin audit event identified at route boundary; domain/helper events may apply.,list_restaurant_promotions,app/main.py route + middleware + app/admin_route_policies.json
POST,/api/admin/properties/{property_id}/restaurants/{restaurant_id}/promotions,Admin session cookie required.,restaurant.promotions.edit,Property `{property_id}`; middleware verifies actor access; handler checks addressed resource IDs. Property + assigned restaurant; route helper validates assignment.,Yes; X-CSRF-Token must match the admin session token.,300 per authenticated admin session/min,Body application/json: GenericPayload: data:object[any] (required body); property_id(path):string required; restaurant_id(path):string required,dict (handler-defined shape),hospitality.create_promotion,middleware: api.post on successful response (<400),create_restaurant_promotion,app/main.py route + middleware + app/admin_route_policies.json
GET,/api/admin/properties/{property_id}/restaurants/{restaurant_id}/staff,Admin session cookie required.,restaurant.view,Property `{property_id}`; middleware verifies actor access; handler checks addressed resource IDs. Property + assigned restaurant; route helper validates assignment.,No (safe method).,300 per authenticated admin session/min,property_id(path):string required; restaurant_id(path):string required,dict (handler-defined shape),db.execute,No admin audit event identified at route boundary; domain/helper events may apply.,list_restaurant_staff,app/main.py route + middleware + app/admin_route_policies.json
GET,/api/admin/properties/{property_id}/service-catalog,Admin session cookie required.,requests.view,"Property `{property_id}`; middleware verifies actor access; handler checks addressed resource IDs. Not restaurant-scoped, or restaurant list filtered by actor assignment.",No (safe method).,300 per authenticated admin session/min,property_id(path):string required,dict (handler-defined shape),No direct app-store call identified; inspect handler/helper.,No admin audit event identified at route boundary; domain/helper events may apply.,admin_service_catalog,app/main.py route + middleware + app/admin_route_policies.json
PUT,/api/admin/properties/{property_id}/service-catalog,Admin session cookie required.,properties.edit,"Property `{property_id}`; middleware verifies actor access; handler checks addressed resource IDs. Not restaurant-scoped, or restaurant list filtered by actor assignment.",Yes; X-CSRF-Token must match the admin session token.,300 per authenticated admin session/min,Body application/json: GenericPayload: data:object[any] (required body); property_id(path):string required,dict (handler-defined shape),No direct app-store call identified; inspect handler/helper.,middleware: api.put on successful response (<400),save_catalog_service,app/main.py route + middleware + app/admin_route_policies.json
DELETE,/api/admin/properties/{property_id}/service-catalog/{service_id},Admin session cookie required.,properties.edit,"Property `{property_id}`; middleware verifies actor access; handler checks addressed resource IDs. Not restaurant-scoped, or restaurant list filtered by actor assignment.",Yes; X-CSRF-Token must match the admin session token.,300 per authenticated admin session/min,property_id(path):string required; service_id(path):string required,dict (handler-defined shape),hospitality.delete_service,middleware: api.delete on successful response (<400),delete_catalog_service,app/main.py route + middleware + app/admin_route_policies.json
POST,/api/admin/properties/{property_id}/service-catalog/{service_id}/duplicate,Admin session cookie required.,properties.edit,"Property `{property_id}`; middleware verifies actor access; handler checks addressed resource IDs. Not restaurant-scoped, or restaurant list filtered by actor assignment.",Yes; X-CSRF-Token must match the admin session token.,300 per authenticated admin session/min,property_id(path):string required; service_id(path):string required,dict (handler-defined shape),No direct app-store call identified; inspect handler/helper.,middleware: api.post on successful response (<400),duplicate_catalog_service,app/main.py route + middleware + app/admin_route_policies.json
POST,/api/admin/properties/{property_id}/service-requests,Admin session cookie required.,requests.manage,"Property `{property_id}`; middleware verifies actor access; handler checks addressed resource IDs. Not restaurant-scoped, or restaurant list filtered by actor assignment.",Yes; X-CSRF-Token must match the admin session token.,300 per authenticated admin session/min,Body application/json: GenericPayload: data:object[any] (required body); property_id(path):string required,dict (handler-defined shape),hospitality.create_service_request,middleware: api.post on successful response (<400),create_service_request,app/main.py route + middleware + app/admin_route_policies.json
PUT,/api/admin/properties/{property_id}/service-requests/{request_id},Admin session cookie required.,requests.manage,"Property `{property_id}`; middleware verifies actor access; handler checks addressed resource IDs. Not restaurant-scoped, or restaurant list filtered by actor assignment.",Yes; X-CSRF-Token must match the admin session token.,300 per authenticated admin session/min,Body application/json: ServiceRequestUpdatePayload: priority:string | null [−∞..40]; department:string | null [−∞..120]; assigned_to:string | null [−∞..160]; note:string | null [−∞..1000] (required body); property_id(path):string required; request_id(path):string required,dict (handler-defined shape),hospitality.update_service_request,middleware: api.put on successful response (<400),update_service_request,app/main.py route + middleware + app/admin_route_policies.json
GET,/api/admin/properties/{property_id}/service-requests/{request_id}/history,Admin session cookie required.,requests.view,"Property `{property_id}`; middleware verifies actor access; handler checks addressed resource IDs. Not restaurant-scoped, or restaurant list filtered by actor assignment.",No (safe method).,300 per authenticated admin session/min,property_id(path):string required; request_id(path):string required,dict (handler-defined shape),No direct app-store call identified; inspect handler/helper.,No admin audit event identified at route boundary; domain/helper events may apply.,service_request_history,app/main.py route + middleware + app/admin_route_policies.json
PUT,/api/admin/properties/{property_id}/service-requests/{request_id}/status,Admin session cookie required.,requests.manage,"Property `{property_id}`; middleware verifies actor access; handler checks addressed resource IDs. Not restaurant-scoped, or restaurant list filtered by actor assignment.",Yes; X-CSRF-Token must match the admin session token.,300 per authenticated admin session/min,Body application/json: ServiceStatusPayload: status:string required (required body); property_id(path):string required; request_id(path):string required,dict (handler-defined shape),hospitality.update_service_status,middleware: api.put on successful response (<400),update_service_request_status,app/main.py route + middleware + app/admin_route_policies.json
GET,/api/admin/properties/{property_id}/sessions,Admin session cookie required.,guest_sessions.view,"Property `{property_id}`; middleware verifies actor access; handler checks addressed resource IDs. Not restaurant-scoped, or restaurant list filtered by actor assignment.",No (safe method).,300 per authenticated admin session/min,property_id(path):string required,dict (handler-defined shape),No direct app-store call identified; inspect handler/helper.,No admin audit event identified at route boundary; domain/helper events may apply.,admin_sessions,app/main.py route + middleware + app/admin_route_policies.json
POST,/api/admin/properties/{property_id}/sessions/reconnect,Admin session cookie required.,guest_sessions.manage,"Property `{property_id}`; middleware verifies actor access; handler checks addressed resource IDs. Not restaurant-scoped, or restaurant list filtered by actor assignment.",Yes; X-CSRF-Token must match the admin session token.,300 per authenticated admin session/min,Body application/json: DeviceSessionPayload: raw_mac:string [12..32] required; concierge_session_id:string | null; antlabs_session_id:string | null; browser_session_id:string | null; room:string | null; pms_guest_id:string | null; retention_days:integer [0.0..60.0] default=2 (required body); property_id(path):string required,dict (handler-defined shape),No direct app-store call identified; inspect handler/helper.,middleware: api.post on successful response (<400),reconnect_session,app/main.py route + middleware + app/admin_route_policies.json
POST,/api/admin/properties/{property_id}/stays/{stay_id}/checkout,Admin session cookie required.,guest_sessions.manage,"Property `{property_id}`; middleware verifies actor access; handler checks addressed resource IDs. Not restaurant-scoped, or restaurant list filtered by actor assignment.",Yes; X-CSRF-Token must match the admin session token.,300 per authenticated admin session/min,property_id(path):string required; stay_id(path):string required,dict (handler-defined shape),No direct app-store call identified; inspect handler/helper.,middleware: api.post on successful response (<400),checkout_stay,app/main.py route + middleware + app/admin_route_policies.json
PUT,/api/admin/properties/{property_id}/stays/{stay_id}/memory,Admin session cookie required.,guest_sessions.manage,"Property `{property_id}`; middleware verifies actor access; handler checks addressed resource IDs. Not restaurant-scoped, or restaurant list filtered by actor assignment.",Yes; X-CSRF-Token must match the admin session token.,300 per authenticated admin session/min,Body application/json: MemoryPayload: memory:object[any] (required body); property_id(path):string required; stay_id(path):string required,dict (handler-defined shape),No direct app-store call identified; inspect handler/helper.,middleware: api.put on successful response (<400),update_stay_memory,app/main.py route + middleware + app/admin_route_policies.json
GET,/api/admin/properties/{property_id}/webhooks,Admin session cookie required.,integrations.view,"Property `{property_id}`; middleware verifies actor access; handler checks addressed resource IDs. Not restaurant-scoped, or restaurant list filtered by actor assignment.",No (safe method).,300 per authenticated admin session/min,property_id(path):string required,dict (handler-defined shape),No direct app-store call identified; inspect handler/helper.,No admin audit event identified at route boundary; domain/helper events may apply.,list_property_webhooks,app/main.py route + middleware + app/admin_route_policies.json
PUT,/api/admin/properties/{property_id}/webhooks,Admin session cookie required.,integrations.configure,"Property `{property_id}`; middleware verifies actor access; handler checks addressed resource IDs. Not restaurant-scoped, or restaurant list filtered by actor assignment.",Yes; X-CSRF-Token must match the admin session token.,300 per authenticated admin session/min,Body application/json: WebhookPayload: webhook_id:string | null; name:string [1..120] required; endpoint_url:string [1..1000] required; events:array[string]; enabled:boolean default=True; secret:string [−∞..8000] default= (required body); property_id(path):string required,dict (handler-defined shape),operations.save_webhook,middleware: api.put on successful response (<400),save_property_webhook,app/main.py route + middleware + app/admin_route_policies.json
DELETE,/api/admin/properties/{property_id}/webhooks/{webhook_id},Admin session cookie required.,integrations.configure,"Property `{property_id}`; middleware verifies actor access; handler checks addressed resource IDs. Not restaurant-scoped, or restaurant list filtered by actor assignment.",Yes; X-CSRF-Token must match the admin session token.,300 per authenticated admin session/min,property_id(path):string required; webhook_id(path):string required,dict (handler-defined shape),operations.delete_webhook,middleware: api.delete on successful response (<400),delete_property_webhook,app/main.py route + middleware + app/admin_route_policies.json
POST,/api/admin/properties/{property_id}/webhooks/{webhook_id}/test,Admin session cookie required.,integrations.configure,"Property `{property_id}`; middleware verifies actor access; handler checks addressed resource IDs. Not restaurant-scoped, or restaurant list filtered by actor assignment.",Yes; X-CSRF-Token must match the admin session token.,300 per authenticated admin session/min,property_id(path):string required; webhook_id(path):string required,dict (handler-defined shape),operations.record_webhook_delivery,middleware: api.post on successful response (<400),test_property_webhook,app/main.py route + middleware + app/admin_route_policies.json
GET,/api/admin/properties/{property_id}/zones,Admin session cookie required.,properties.view,"Property `{property_id}`; middleware verifies actor access; handler checks addressed resource IDs. Not restaurant-scoped, or restaurant list filtered by actor assignment.",No (safe method).,300 per authenticated admin session/min,property_id(path):string required,dict (handler-defined shape),No direct app-store call identified; inspect handler/helper.,No admin audit event identified at route boundary; domain/helper events may apply.,admin_zones,app/main.py route + middleware + app/admin_route_policies.json
PUT,/api/admin/properties/{property_id}/zones,Admin session cookie required.,properties.edit,"Property `{property_id}`; middleware verifies actor access; handler checks addressed resource IDs. Not restaurant-scoped, or restaurant list filtered by actor assignment.",Yes; X-CSRF-Token must match the admin session token.,300 per authenticated admin session/min,Body application/json: GenericPayload: data:object[any] (required body); property_id(path):string required,dict (handler-defined shape),No direct app-store call identified; inspect handler/helper.,middleware: api.put on successful response (<400),save_zone,app/main.py route + middleware + app/admin_route_policies.json
DELETE,/api/admin/properties/{property_id}/zones/{zone_id},Admin session cookie required.,properties.edit,"Property `{property_id}`; middleware verifies actor access; handler checks addressed resource IDs. Not restaurant-scoped, or restaurant list filtered by actor assignment.",Yes; X-CSRF-Token must match the admin session token.,300 per authenticated admin session/min,property_id(path):string required; zone_id(path):string required,dict (handler-defined shape),No direct app-store call identified; inspect handler/helper.,middleware: api.delete on successful response (<400),delete_zone,app/main.py route + middleware + app/admin_route_policies.json
GET,/api/admin/roles,Admin session cookie required.,roles.view,"Global or actor-property scope enforced by the handler/auth store. Not restaurant-scoped, or restaurant list filtered by actor assignment.",No (safe method).,300 per authenticated admin session/min,No request body or path/query parameters documented.,dict (handler-defined shape),No direct app-store call identified; inspect handler/helper.,No admin audit event identified at route boundary; domain/helper events may apply.,list_admin_roles,app/main.py route + middleware + app/admin_route_policies.json
POST,/api/admin/roles,Admin session cookie required.,roles.manage,"Global or actor-property scope enforced by the handler/auth store. Not restaurant-scoped, or restaurant list filtered by actor assignment.",Yes; X-CSRF-Token must match the admin session token.,300 per authenticated admin session/min,Body application/json: AdminRolePayload: name:string [2..80] required; description:string [−∞..500] default=; property_id:string | null; permissions:array[string] (required body),dict (handler-defined shape),admin_auth.save_role,middleware: api.post on successful response (<400),create_admin_role,app/main.py route + middleware + app/admin_route_policies.json
DELETE,/api/admin/roles/{role_id},Admin session cookie required.,roles.manage,"Actor/account scope; inspect handler policy. Not restaurant-scoped, or restaurant list filtered by actor assignment.",Yes; X-CSRF-Token must match the admin session token.,300 per authenticated admin session/min,role_id(path):string required,dict (handler-defined shape),admin_auth.delete_role,middleware: api.delete on successful response (<400),delete_admin_role,app/main.py route + middleware + app/admin_route_policies.json
PUT,/api/admin/roles/{role_id},Admin session cookie required.,roles.manage,"Actor/account scope; inspect handler policy. Not restaurant-scoped, or restaurant list filtered by actor assignment.",Yes; X-CSRF-Token must match the admin session token.,300 per authenticated admin session/min,Body application/json: AdminRolePayload: name:string [2..80] required; description:string [−∞..500] default=; property_id:string | null; permissions:array[string] (required body); role_id(path):string required,dict (handler-defined shape),admin_auth.save_role,middleware: api.put on successful response (<400),update_admin_role,app/main.py route + middleware + app/admin_route_policies.json
GET,/api/admin/system/email,Admin session cookie required.,system.configure,"Global or actor-property scope enforced by the handler/auth store. Not restaurant-scoped, or restaurant list filtered by actor assignment.",No (safe method).,300 per authenticated admin session/min,No request body or path/query parameters documented.,dict (handler-defined shape),No direct app-store call identified; inspect handler/helper.,No admin audit event identified at route boundary; domain/helper events may apply.,get_system_email_settings,app/main.py route + middleware + app/admin_route_policies.json
PUT,/api/admin/system/email,Admin session cookie required.,system.configure,"Global or actor-property scope enforced by the handler/auth store. Not restaurant-scoped, or restaurant list filtered by actor assignment.",Yes; X-CSRF-Token must match the admin session token.,300 per authenticated admin session/min,Body application/json: EmailSettingsPayload: host:string [−∞..255] default=; port:integer [1.0..65535.0] default=587; username:string [−∞..255] default=; password:string [−∞..8000] default=; from_address:string [−∞..254] default=; security:string [pattern=^(starttls|ssl|none)$] default=starttls; enabled:boolean default=False (required body),dict (handler-defined shape),operations.save_email_settings,middleware: api.put on successful response (<400),save_system_email_settings,app/main.py route + middleware + app/admin_route_policies.json
POST,/api/admin/system/email/test,Admin session cookie required.,system.configure,"Global or actor-property scope enforced by the handler/auth store. Not restaurant-scoped, or restaurant list filtered by actor assignment.",Yes; X-CSRF-Token must match the admin session token.,300 per authenticated admin session/min,No request body or path/query parameters documented.,dict (handler-defined shape),No direct app-store call identified; inspect handler/helper.,middleware: api.post on successful response (<400),test_system_email_settings,app/main.py route + middleware + app/admin_route_policies.json
GET,/api/admin/users,Admin session cookie required.,users.view,"Global or actor-property scope enforced by the handler/auth store. Not restaurant-scoped, or restaurant list filtered by actor assignment.",No (safe method).,300 per authenticated admin session/min,No request body or path/query parameters documented.,dict (handler-defined shape),No direct app-store call identified; inspect handler/helper.,No admin audit event identified at route boundary; domain/helper events may apply.,list_admin_users,app/main.py route + middleware + app/admin_route_policies.json
POST,/api/admin/users,Admin session cookie required.,users.create,"Global or actor-property scope enforced by the handler/auth store. Not restaurant-scoped, or restaurant list filtered by actor assignment.",Yes; X-CSRF-Token must match the admin session token.,300 per authenticated admin session/min,Body application/json: AdminUserCreatePayload: username:string [3..64] required; display_name:string [1..120] required; password:string [12..256] required; property_id:string | null; department_id:string | null; role_id:string required; email:string | null [−∞..254]; status:string [pattern=^(active|disabled|locked)$] default=active; force_password_change:boolean default=True; restaurant_ids:array[string] [−∞..100] (required body),dict (handler-defined shape),admin_auth.create_user,middleware: api.post on successful response (<400),create_admin_user,app/main.py route + middleware + app/admin_route_policies.json
DELETE,/api/admin/users/{user_id},Admin session cookie required.,users.delete,"Actor/account scope; inspect handler policy. Not restaurant-scoped, or restaurant list filtered by actor assignment.",Yes; X-CSRF-Token must match the admin session token.,300 per authenticated admin session/min,user_id(path):string required,dict (handler-defined shape),admin_auth.delete_user,middleware: api.delete on successful response (<400),delete_admin_user,app/main.py route + middleware + app/admin_route_policies.json
PUT,/api/admin/users/{user_id},Admin session cookie required.,users.edit,"Actor/account scope; inspect handler policy. Not restaurant-scoped, or restaurant list filtered by actor assignment.",Yes; X-CSRF-Token must match the admin session token.,300 per authenticated admin session/min,Body application/json: AdminUserUpdatePayload: display_name:string | null [1..120]; property_id:string | null; department_id:string | null; role_id:string | null; email:string | null [−∞..254]; status:string | null [pattern=^(active|disabled|locked)$]; restaurant_ids:array[string] | null [−∞..100] (required body); user_id(path):string required,dict (handler-defined shape),admin_auth.update_user,middleware: api.put on successful response (<400),update_admin_user,app/main.py route + middleware + app/admin_route_policies.json
POST,/api/admin/users/{user_id}/reset-password,Admin session cookie required.,users.edit,"Actor/account scope; inspect handler policy. Not restaurant-scoped, or restaurant list filtered by actor assignment.",Yes; X-CSRF-Token must match the admin session token.,300 per authenticated admin session/min,Body application/json: AdminPasswordResetPayload: password:string [12..256] required; force_password_change:boolean default=True (required body); user_id(path):string required,dict (handler-defined shape),admin_auth.reset_password,middleware: api.post on successful response (<400),reset_admin_user_password,app/main.py route + middleware + app/admin_route_policies.json
POST,/api/admin/users/{user_id}/revoke-sessions,Admin session cookie required.,security.configure,"Actor/account scope; inspect handler policy. Not restaurant-scoped, or restaurant list filtered by actor assignment.",Yes; X-CSRF-Token must match the admin session token.,300 per authenticated admin session/min,user_id(path):string required,dict (handler-defined shape),admin_auth.revoke_sessions,middleware: api.post on successful response (<400),revoke_admin_user_sessions,app/main.py route + middleware + app/admin_route_policies.json
POST,/api/authenticate,Active guest session ID required; property and approved source network are revalidated by handler.,N/A (guest session/network policy; no admin RBAC permission).,Guest property resolved from host/gateway/config; session token required where the handler is session-scoped.,"No admin CSRF token; guest session/network checks apply, with same-origin Origin validation when an Origin header is supplied.",No endpoint-specific counter identified; network/session/property guards may still apply.,Body application/json: AuthRequest: session_id:string required; auth_type:string [1..40] default=pms; credentials:object[string]; room:string | null [−∞..64]; last_name:string | null [−∞..128] (required body),dict (handler-defined shape),"antlabs.authenticate, store.mark_authenticated, store.record_authentication",No admin audit event identified at route boundary; domain/helper events may apply.,authenticate,app/main.py route + middleware + app/admin_route_policies.json
POST,/api/chat,Active guest session ID required; property and approved source network are revalidated by handler.,N/A (guest session/network policy; no admin RBAC permission).,Guest property resolved from host/gateway/config; session token required where the handler is session-scoped.,"No admin CSRF token; guest session/network checks apply, with same-origin Origin validation when an Origin header is supplied.",20 per guest session/min,Body application/json: ChatRequest: session_id:string required; message:string [1..2000] required; mode:string default=auto (required body),dict (handler-defined shape),"personalization.cleanup_expired, personalization.delete_category, personalization.delete_last_preference, personalization.save_preference, personalization.set_guest_state, store.record_ai_message_if_active, store.record_message",No admin audit event identified at route boundary; domain/helper events may apply.,chat,app/main.py route + middleware + app/admin_route_policies.json
POST,/api/guest/conversations/{session_id}/escalate,Active guest session ID required; property and approved source network are revalidated by handler.,N/A (guest session/network policy; no admin RBAC permission).,Guest property resolved from host/gateway/config; session token required where the handler is session-scoped.,"No admin CSRF token; guest session/network checks apply, with same-origin Origin validation when an Origin header is supplied.",5 per property/session/15 min + 30 per peer IP/15 min,Body application/json: RestaurantEscalationPayload: restaurant_id:string [1..80] required; reason:string [−∞..500] default= (required body); session_id(path):string required,dict (handler-defined shape),No direct app-store call identified; inspect handler/helper.,No admin audit event identified at route boundary; domain/helper events may apply.,guest_escalate_conversation,app/main.py route + middleware + app/admin_route_policies.json
GET,/api/guest/conversations/{session_id}/staff-messages,Active guest session ID required; property and approved source network are revalidated by handler.,N/A (guest session/network policy; no admin RBAC permission).,Guest property resolved from host/gateway/config; session token required where the handler is session-scoped.,No (safe method).,No endpoint-specific counter identified; network/session/property guards may still apply.,session_id(path):string required,dict (handler-defined shape),No direct app-store call identified; inspect handler/helper.,No admin audit event identified at route boundary; domain/helper events may apply.,guest_staff_messages,app/main.py route + middleware + app/admin_route_policies.json
GET,/api/guest/facilities,Approved guest source network required; property resolved and checked from Host/gateway/config; no session token.,N/A (guest/network policy; no admin RBAC permission).,Guest property resolved from host/gateway/config; session token required where the handler is session-scoped.,No (safe method).,No endpoint-specific counter identified; network/session/property guards may still apply.,property_id(query):string | null,dict (handler-defined shape),No direct app-store call identified; inspect handler/helper.,No admin audit event identified at route boundary; domain/helper events may apply.,guest_facilities,app/main.py route + middleware + app/admin_route_policies.json
GET,/api/guest/intro,Approved guest source network required; property resolved and checked from Host/gateway/config; no session token.,N/A (guest/network policy; no admin RBAC permission).,Guest property resolved from host/gateway/config; session token required where the handler is session-scoped.,No (safe method).,No endpoint-specific counter identified; network/session/property guards may still apply.,property_id(query):string | null,dict (handler-defined shape),No direct app-store call identified; inspect handler/helper.,No admin audit event identified at route boundary; domain/helper events may apply.,guest_intro,app/main.py route + middleware + app/admin_route_policies.json
GET,/api/guest/navigation/route,Approved guest source network required; property resolved and checked from Host/gateway/config; no session token.,N/A (guest/network policy; no admin RBAC permission).,Guest property resolved from host/gateway/config; session token required where the handler is session-scoped.,No (safe method).,No endpoint-specific counter identified; network/session/property guards may still apply.,from_node_id(query):string required; to_node_id(query):string required; property_id(query):string | null,dict (handler-defined shape),No direct app-store call identified; inspect handler/helper.,No admin audit event identified at route boundary; domain/helper events may apply.,guest_route,app/main.py route + middleware + app/admin_route_policies.json
GET,/api/guest/personalization,Active guest session ID required; property and approved source network are revalidated by handler.,N/A (guest session/network policy; no admin RBAC permission).,Guest property resolved from host/gateway/config; session token required where the handler is session-scoped.,No (safe method).,No endpoint-specific counter identified; network/session/property guards may still apply.,session_id(query):string required,dict (handler-defined shape),No direct app-store call identified; inspect handler/helper.,No admin audit event identified at route boundary; domain/helper events may apply.,get_guest_personalization,app/main.py route + middleware + app/admin_route_policies.json
PUT,/api/guest/personalization,Active guest session ID required; property and approved source network are revalidated by handler.,N/A (guest session/network policy; no admin RBAC permission).,Guest property resolved from host/gateway/config; session token required where the handler is session-scoped.,"No admin CSRF token; guest session/network checks apply, with same-origin Origin validation when an Origin header is supplied.",No endpoint-specific counter identified; network/session/property guards may still apply.,Body application/json: GuestPersonalizationPayload: session_id:string [1..200] required; enabled:boolean default=True; level:string default=stay (required body),dict (handler-defined shape),personalization.set_guest_state,No admin audit event identified at route boundary; domain/helper events may apply.,set_guest_personalization,app/main.py route + middleware + app/admin_route_policies.json
DELETE,/api/guest/personalization/preferences,Active guest session ID required; property and approved source network are revalidated by handler.,N/A (guest session/network policy; no admin RBAC permission).,Guest property resolved from host/gateway/config; session token required where the handler is session-scoped.,"No admin CSRF token; guest session/network checks apply, with same-origin Origin validation when an Origin header is supplied.",No endpoint-specific counter identified; network/session/property guards may still apply.,session_id(query):string required,dict (handler-defined shape),No direct app-store call identified; inspect handler/helper.,No admin audit event identified at route boundary; domain/helper events may apply.,clear_guest_preferences,app/main.py route + middleware + app/admin_route_policies.json
PUT,/api/guest/personalization/preferences,Active guest session ID required; property and approved source network are revalidated by handler.,N/A (guest session/network policy; no admin RBAC permission).,Guest property resolved from host/gateway/config; session token required where the handler is session-scoped.,"No admin CSRF token; guest session/network checks apply, with same-origin Origin validation when an Origin header is supplied.",No endpoint-specific counter identified; network/session/property guards may still apply.,Body application/json: GuestPreferencePayload: session_id:string [1..200] required; category:string [1..40] required; value:string [1..160] required; preference_key:string | null [−∞..100] (required body),dict (handler-defined shape),personalization.save_preference,No admin audit event identified at route boundary; domain/helper events may apply.,save_guest_preference,app/main.py route + middleware + app/admin_route_policies.json
DELETE,/api/guest/personalization/preferences/{preference_key},Active guest session ID required; property and approved source network are revalidated by handler.,N/A (guest session/network policy; no admin RBAC permission).,Guest property resolved from host/gateway/config; session token required where the handler is session-scoped.,"No admin CSRF token; guest session/network checks apply, with same-origin Origin validation when an Origin header is supplied.",No endpoint-specific counter identified; network/session/property guards may still apply.,preference_key(path):string required; session_id(query):string required,dict (handler-defined shape),personalization.delete_preference,No admin audit event identified at route boundary; domain/helper events may apply.,delete_guest_preference,app/main.py route + middleware + app/admin_route_policies.json
GET,/api/guest/recommendations,Approved guest source network required; property resolved and checked from Host/gateway/config; no session token.,N/A (guest/network policy; no admin RBAC permission).,Guest property resolved from host/gateway/config; session token required where the handler is session-scoped.,No (safe method).,No endpoint-specific counter identified; network/session/property guards may still apply.,property_id(query):string | null,dict (handler-defined shape),No direct app-store call identified; inspect handler/helper.,No admin audit event identified at route boundary; domain/helper events may apply.,guest_recommendations,app/main.py route + middleware + app/admin_route_policies.json
GET,/api/guest/service-catalog,Approved guest source network required; property resolved and checked from Host/gateway/config; no session token.,N/A (guest/network policy; no admin RBAC permission).,Guest property resolved from host/gateway/config; session token required where the handler is session-scoped.,No (safe method).,No endpoint-specific counter identified; network/session/property guards may still apply.,property_id(query):string | null,dict (handler-defined shape),No direct app-store call identified; inspect handler/helper.,No admin audit event identified at route boundary; domain/helper events may apply.,guest_service_catalog,app/main.py route + middleware + app/admin_route_policies.json
POST,/api/guest/service-requests,Active guest session ID required; property and approved source network are revalidated by handler.,N/A (guest session/network policy; no admin RBAC permission).,Guest property resolved from host/gateway/config; session token required where the handler is session-scoped.,"No admin CSRF token; guest session/network checks apply, with same-origin Origin validation when an Origin header is supplied.",10 per property/session/5 min,Body application/json: GuestServiceRequestPayload: session_id:string [1..200] required; service_id:string [1..120] required; description:string [1..1000] required; room:string | null [−∞..80]; client_request_id:string | null [8..120]; confirmed:boolean default=False (required body),dict (handler-defined shape),hospitality.create_service_request,No admin audit event identified at route boundary; domain/helper events may apply.,create_guest_service_request,app/main.py route + middleware + app/admin_route_policies.json
POST,/api/guest/uploads,Active guest session ID required; property and approved source network are revalidated by handler.,N/A (guest session/network policy; no admin RBAC permission).,Guest property resolved from host/gateway/config; session token required where the handler is session-scoped.,"No admin CSRF token; guest session/network checks apply, with same-origin Origin validation when an Origin header is supplied.",No separate request counter identified; upload size/type limits apply.,Body application/json: GuestUploadPayload: session_id:string [1..200] required; filename:string [1..220] required; content_type:string [1..120] required; content_base64:string [1..1500000] required (required body),dict (handler-defined shape),No direct app-store call identified; inspect handler/helper.,No admin audit event identified at route boundary; domain/helper events may apply.,upload_guest_document,app/main.py route + middleware + app/admin_route_policies.json
GET,/api/guest/zones,Approved guest source network required; property resolved and checked from Host/gateway/config; no session token.,N/A (guest/network policy; no admin RBAC permission).,Guest property resolved from host/gateway/config; session token required where the handler is session-scoped.,No (safe method).,No endpoint-specific counter identified; network/session/property guards may still apply.,property_id(query):string | null,dict (handler-defined shape),No direct app-store call identified; inspect handler/helper.,No admin audit event identified at route boundary; domain/helper events may apply.,guest_zones,app/main.py route + middleware + app/admin_route_policies.json
GET,/api/hotel,Approved guest source network required; property resolved and checked from Host/gateway/config; no session token.,N/A (guest/network policy; no admin RBAC permission).,Guest property resolved from host/gateway/config; session token required where the handler is session-scoped.,No (safe method),No endpoint-specific counter identified; network/session/property guards may still apply.,No request body or path/query parameters documented.,dict (handler-defined shape),No direct app-store call identified; inspect handler/helper.,No admin audit event identified at route boundary; domain/helper events may apply.,hotel,app/main.py route + middleware + app/admin_route_policies.json
POST,/api/session/resume,Existing session ID and matching client ID required; session freshness and approved source network are checked.,N/A (guest session/network policy; no admin RBAC permission).,Guest property resolved from host/gateway/config; session token required where the handler is session-scoped.,"No admin CSRF token; guest session/network checks apply, with same-origin Origin validation when an Origin header is supplied.",30 per property/session/min,Body application/json: ResumeSessionRequest: client_id:string [1..200] required; session_id:string [1..200] required (required body),dict (handler-defined shape),No direct app-store call identified; inspect handler/helper.,No admin audit event identified at route boundary; domain/helper events may apply.,resume_session,app/main.py route + middleware + app/admin_route_policies.json
POST,/api/session/start,No prior session required; approved guest source network required; signed ANTlabs assertion is required when gateway mode is enabled.,N/A (guest session/network policy; no admin RBAC permission).,Guest property resolved from host/gateway/config; session token required where the handler is session-scoped.,"No admin CSRF token; guest session/network checks apply, with same-origin Origin validation when an Origin header is supplied.","240 per peer IP/5 min + 10 per (peer IP, client_id)/5 min",Body application/json: StartSessionRequest: client_id:string [1..200] required; property_id:string | null; gateway_context:object[any] (required body),dict (handler-defined shape),store.create,No admin audit event identified at route boundary; domain/helper events may apply.,start_session,app/main.py route + middleware + app/admin_route_policies.json
GET,/health,Public health endpoint; no authentication.,N/A (public or guest session/network policy; no admin RBAC permission).,Instance health/readiness; no property or restaurant resource scope.,No (safe method),No endpoint-specific counter identified; network/session/property guards may still apply.,No request body or path/query parameters documented.,dict (handler-defined shape),No direct app-store call identified; inspect handler/helper.,No admin audit event identified at route boundary; domain/helper events may apply.,health,app/main.py route + middleware + app/admin_route_policies.json
GET,/health/details,Admin session cookie and diagnostics.view permission required.,N/A (public or guest session/network policy; no admin RBAC permission).,Instance health diagnostics; no property or restaurant resource scope.,No (safe method),No endpoint-specific counter identified; network/session/property guards may still apply.,No request body or path/query parameters documented.,dict (handler-defined shape),admin_auth.authenticate,No admin audit event identified at route boundary; domain/helper events may apply.,health_details,app/main.py route + middleware + app/admin_route_policies.json
GET,/health/live,Public health endpoint; no authentication.,N/A (public or guest session/network policy; no admin RBAC permission).,Instance health/readiness; no property or restaurant resource scope.,No (safe method),No endpoint-specific counter identified; network/session/property guards may still apply.,No request body or path/query parameters documented.,dict (handler-defined shape),No direct app-store call identified; inspect handler/helper.,No admin audit event identified at route boundary; domain/helper events may apply.,health_live,app/main.py route + middleware + app/admin_route_policies.json
GET,/health/ready,Public health endpoint; no authentication.,N/A (public or guest session/network policy; no admin RBAC permission).,Instance health/readiness; no property or restaurant resource scope.,No (safe method),No endpoint-specific counter identified; network/session/property guards may still apply.,No request body or path/query parameters documented.,dict (handler-defined shape),db.execute,No admin audit event identified at route boundary; domain/helper events may apply.,health_ready,app/main.py route + middleware + app/admin_route_policies.json
GET,/metrics,Bearer METRICS_TOKEN required; token must be at least 32 characters; invalid or unset token returns 404/401.,N/A (public or guest session/network policy; no admin RBAC permission).,Process-wide metrics; no property or restaurant resource scope.,No (safe method),No endpoint-specific request counter identified; protect access with a strong bearer token and deployment network ACL.,Header Authorization: Bearer <METRICS_TOKEN>,Prometheus text exposition (Response; handler-selected media type),No direct app-store call identified; inspect handler/helper.,No admin audit event identified at route boundary; domain/helper events may apply.,prometheus_metrics,app/main.py route + middleware + app/admin_route_policies.json
GET,/openapi.json,Public; no authentication.,N/A (framework documentation route; no application RBAC permission).,Global FastAPI documentation/schema; no property or restaurant resource scope.,No (read-only framework documentation/schema endpoint).,No endpoint-specific rate limiter identified; public access should be disabled or restricted at deployment if docs are not intended for guests.,No request body or path/query parameters.,OpenAPI JSON schema,FastAPI framework docs/schema response; no application business-store side effects identified.,None identified (framework endpoint).,openapi,FastAPI default docs routes; app/main.py FastAPI initialization
HEAD,/openapi.json,Public; no authentication.,N/A (framework documentation route; no application RBAC permission).,Global FastAPI documentation/schema; no property or restaurant resource scope.,No (read-only framework documentation/schema endpoint).,No endpoint-specific rate limiter identified; public access should be disabled or restricted at deployment if docs are not intended for guests.,No request body or path/query parameters.,No body (HEAD for OpenAPI JSON schema),FastAPI framework docs/schema response; no application business-store side effects identified.,None identified (framework endpoint).,openapi,FastAPI default docs routes; app/main.py FastAPI initialization
GET,/docs,Public; no authentication.,N/A (framework documentation route; no application RBAC permission).,Global FastAPI documentation/schema; no property or restaurant resource scope.,No (read-only framework documentation/schema endpoint).,No endpoint-specific rate limiter identified; public access should be disabled or restricted at deployment if docs are not intended for guests.,No request body or path/query parameters.,Swagger UI HTML,FastAPI framework docs/schema response; no application business-store side effects identified.,None identified (framework endpoint).,swagger_ui_html,FastAPI default docs routes; app/main.py FastAPI initialization
HEAD,/docs,Public; no authentication.,N/A (framework documentation route; no application RBAC permission).,Global FastAPI documentation/schema; no property or restaurant resource scope.,No (read-only framework documentation/schema endpoint).,No endpoint-specific rate limiter identified; public access should be disabled or restricted at deployment if docs are not intended for guests.,No request body or path/query parameters.,No body (HEAD for Swagger UI HTML),FastAPI framework docs/schema response; no application business-store side effects identified.,None identified (framework endpoint).,swagger_ui_html,FastAPI default docs routes; app/main.py FastAPI initialization
GET,/docs/oauth2-redirect,Public; no authentication.,N/A (framework documentation route; no application RBAC permission).,Global FastAPI documentation/schema; no property or restaurant resource scope.,No (read-only framework documentation/schema endpoint).,No endpoint-specific rate limiter identified; public access should be disabled or restricted at deployment if docs are not intended for guests.,No request body or path/query parameters.,Swagger OAuth redirect HTML,FastAPI framework docs/schema response; no application business-store side effects identified.,None identified (framework endpoint).,swagger_ui_redirect,FastAPI default docs routes; app/main.py FastAPI initialization
HEAD,/docs/oauth2-redirect,Public; no authentication.,N/A (framework documentation route; no application RBAC permission).,Global FastAPI documentation/schema; no property or restaurant resource scope.,No (read-only framework documentation/schema endpoint).,No endpoint-specific rate limiter identified; public access should be disabled or restricted at deployment if docs are not intended for guests.,No request body or path/query parameters.,No body (HEAD for Swagger OAuth redirect),FastAPI framework docs/schema response; no application business-store side effects identified.,None identified (framework endpoint).,swagger_ui_redirect,FastAPI default docs routes; app/main.py FastAPI initialization
GET,/redoc,Public; no authentication.,N/A (framework documentation route; no application RBAC permission).,Global FastAPI documentation/schema; no property or restaurant resource scope.,No (read-only framework documentation/schema endpoint).,No endpoint-specific rate limiter identified; public access should be disabled or restricted at deployment if docs are not intended for guests.,No request body or path/query parameters.,ReDoc HTML,FastAPI framework docs/schema response; no application business-store side effects identified.,None identified (framework endpoint).,redoc_html,FastAPI default docs routes; app/main.py FastAPI initialization
HEAD,/redoc,Public; no authentication.,N/A (framework documentation route; no application RBAC permission).,Global FastAPI documentation/schema; no property or restaurant resource scope.,No (read-only framework documentation/schema endpoint).,No endpoint-specific rate limiter identified; public access should be disabled or restricted at deployment if docs are not intended for guests.,No request body or path/query parameters.,No body (HEAD for ReDoc HTML),FastAPI framework docs/schema response; no application business-store side effects identified.,None identified (framework endpoint).,redoc_html,FastAPI default docs routes; app/main.py FastAPI initialization
